🏟️	govServices	negev	6	10	3	youth:3,periphery:3	אצטדיון לאומי בבאר שבע	National Stadium in Beersheba	ملعب وطني في بئر السبع
🎭	govServices	north	4	8	2	liberals:3,periphery:2	היכל תרבות בגליל	Culture Hall in the Galilee	قصر الثقافة في الجليل
🏊	govServices	center	3	6	3	families:3,youth:2	בריכות ציבוריות בכל עיר	Public Pools in Every City	مسابح عامة في كل مدينة
🏛️	govServices	jerusalem	5	8	2	liberals:2,center:2	שדרוג המוזיאונים הלאומיים	National Museums Upgrade	تحديث المتاحف الوطنية
⚽	govServices	shfela	2	4	3	youth:4,families:2	מגרשי ספורט בכל שכונה	Sports Fields in Every Neighborhood	ملاعب رياضية في كل حي
📚	govServices	center	2	4	2	families:2,liberals:2	שדרוג הספריות הציבוריות	Public Libraries Upgrade	تحديث المكتبات العامة
🎬	govServices	center	3	6	2	liberals:3,employees:1	אולפני קולנוע לאומיים	National Film Studios	استوديوهات سينما وطنية
🏅	govServices	center	3	6	2	youth:3,center:1	מרכז אימון אולימפי	Olympic Training Center	مركز تدريب أولمبي
🕌	govServices	north	2	4	2	arabs:4	מרכזי תרבות ביישובים הערביים	Culture Centers in Arab Towns	مراكز ثقافية في البلدات العربية
🎪	govServices	negev	1	3	2	families:2,periphery:2	פסטיבלים בפריפריה	Festivals in the Periphery	مهرجانات في الأطراف
🎼	govServices	haifa	2	4	2	liberals:3	בית התזמורת בחיפה	Orchestra House in Haifa	بيت الأوركسترا في حيفا
🎨	govServices	center	2	4	2	liberals:2,youth:2	בתי ספר לאמנויות ולמוזיקה	Arts and Music Schools	مدارس للفنون والموسيقى
🧘	govServices	sharon	1	3	2	elderly:3,families:1	מתקני ספורט לגיל השלישי	Sports Facilities for Seniors	منشآت رياضية لكبار السن
🎮	govServices	center	1	3	2	youth:4	מרכז ספורט אלקטרוני	Esports Center	مركز الرياضات الإلكترونية
🕍	govServices	jerusalem	2	4	2	religious:3,haredim:2	מרכז תרבות יהודית	Jewish Culture Center	مركز الثقافة اليهودية
