🌍	govServices	center	3	6	2	center:2,olim:3	מרכז תגלית מורחב	Expanded Birthright Center	مركز تغليت الموسع
🛡️	govServices	center	2	4	2	center:2,olim:2	קרן אבטחה לקהילות בעולם	Security Fund for Communities Abroad	صندوق أمن للجاليات في العالم
🎓	education	jerusalem	2	4	2	students:2,olim:2	מכללה לשליחי חינוך	College for Education Emissaries	كلية مبعوثي التعليم
💻	govServices	center	2	4	2	youth:2,center:2	פלטפורמה דיגיטלית לתפוצות	Digital Platform for the Diaspora	منصة رقمية للشتات
🏛️	govServices	jerusalem	2	4	2	center:2,olim:2	בית התפוצות המחודש	Renewed Diaspora House	بيت الشتات المجدد
🧳	govServices	center	2	4	2	youth:3,olim:2	תוכנית שנת שירות לצעירי התפוצות	Service Year Program for Diaspora Youth	برنامج سنة الخدمة لشباب الشتات
📡	govServices	center	1	3	2	center:2,youth:2	מערך הסברה בקמפוסים	Campus Advocacy Network	شبكة الدبلوماسية في الجامعات
🏫	education	center	2	4	2	olim:3,religious:1	רשת בתי ספר יהודיים בעולם	Jewish Schools Network Abroad	شبكة المدارس اليهودية في العالم
🤝	govServices	north	1	3	2	center:2,olim:2	תאומות ערים עם קהילות בעולם	City Twinning with Communities Abroad	توأمة مدن مع جاليات في العالم
🎭	govServices	center	1	3	2	liberals:2,center:2	גשרי תרבות לתפוצות	Cultural Bridges to the Diaspora	جسور ثقافية للشتات
🕍	govServices	jerusalem	2	4	2	religious:3,haredim:1	מכון להכשרת רבנים לקהילות	Institute for Training Community Rabbis	معهد لتأهيل حاخامات الجاليات
🧑‍🎓	govServices	center	2	4	2	students:3,center:1	מרכז תמיכה לסטודנטים יהודים בחו״ל	Support Center for Jewish Students Abroad	مركز دعم للطلاب اليهود في الخارج
🌐	govServices	center	2	4	2	olim:3,center:2	מרכז חילוץ וסיוע לקהילות בסיכון	Rescue and Aid Center for Communities at Risk	مركز إنقاذ ومساعدة للجاليات المعرضة للخطر
💼	govServices	center	2	4	2	highIncome:2,center:2	רשת עסקית יהודית עולמית	Global Jewish Business Network	شبكة أعمال يهودية عالمية
📜	govServices	jerusalem	1	3	2	center:2,liberals:2	מרכז אמנה עם יהדות העולם	Covenant Center with World Jewry	مركز ميثاق مع يهود العالم
