📡	govServices	center	3	6	2	center:3,right:2	מערך ההסברה הלאומי	National Advocacy Directorate	منظومة الدبلوماسية العامة الوطنية
📺	govServices	jerusalem	4	8	2	center:2,youth:2	ערוץ חדשות בינלאומי	International News Channel	قناة أخبار دولية
📰	govServices	center	1	3	2	center:2,liberals:1	מרכז עיתונאים זרים	Foreign Press Center	مركز الصحفيين الأجانب
🤖	govServices	center	2	4	2	youth:3,center:2	מערכת זיהוי דיסאינפורמציה	Disinformation Detection System	نظام كشف المعلومات المضللة
🎓	govServices	center	2	4	2	students:3,youth:2	תוכנית שגרירי סטודנטים	Student Ambassadors Program	برنامج السفراء الطلاب
🌍	govServices	center	3	6	2	center:2,liberals:2	קמפיין מותג לאומי	National Brand Campaign	حملة العلامة الوطنية
🎬	govServices	center	2	4	2	liberals:3,center:1	קרן תוכן לעולם	Content Fund for the World	صندوق المحتوى للعالم
🗺️	govServices	jerusalem	1	3	2	center:2,selfEmployed:2	מסלולי ביקור למשלחות	Visit Routes for Delegations	مسارات زيارة للوفود
⚡	govServices	center	1	3	2	center:3,right:2	חדר מצב הסברתי 24 שעות	24-Hour Advocacy Situation Room	غرفة عمليات دبلوماسية على مدار الساعة
🧑‍🤝‍🧑	govServices	north	1	3	2	arabs:3,liberals:2	מרכז הסברה בערבית	Arabic Advocacy Center	مركز الدبلوماسية بالعربية
🎖️	govServices	center	1	3	2	reservists:3,center:1	מערך דוברות צבאית בשפות	Multilingual Military Spokesperson Unit	وحدة ناطقين عسكريين متعددة اللغات
🌐	govServices	center	1	3	2	youth:4	קהילת יוצרי תוכן	Content Creators Community	مجتمع صانعي المحتوى
📊	govServices	center	1	3	2	center:2,liberals:2	מרכז מדידת תדמית	Image Measurement Center	مركز قياس الصورة
🧳	govServices	center	2	4	2	youth:3,olim:3	תוכנית שליחי הסברה	Advocacy Emissaries Program	برنامج مبعوثي الدبلوماسية
🏛️	govServices	center	1	3	2	center:2,liberals:2	מרכז שותפות עם החברה האזרחית	Civil Society Partnership Center	مركز الشراكة مع المجتمع المدني
