הובטח לי תפקיד, והוא עדיין לא ניתן. אני מצפה שהעניין יטופל.	I was promised a position, and it has still not been given. I expect the matter to be handled.	وُعدت بمنصب ولم يُمنح حتى الآن. أتوقع معالجة الأمر.
המשרד שלי לא עומד במשימות בתקציב הנוכחי. אני מצפה לתוספת תקציב לתחום.	My ministry cannot meet its tasks on the current budget. I expect a budget supplement for the field.	وزارتي لا تفي بمهامها بالميزانية الحالية. أتوقع زيادة في ميزانية المجال.
אני מרגיש שאני לא שותף להחלטות. אני מצפה ליחס אחר: להתייעץ איתי לפני שמחליטים.	I feel I am not a partner in the decisions. I expect different treatment: consult me before deciding.	أشعر أنني لست شريكًا في القرارات. أتوقع معاملة مختلفة: استشارتي قبل أن تقرروا.
הפוליטיקאי פירט את הטענה שלו. אפשר להבטיח, להתנצל או לסרב.	The politician spelled out their complaint. You can promise, apologize or refuse.	شرح السياسي شكواه. يمكنك أن تعد أو تعتذر أو ترفض.
נרשמה הבטחה עם מועד. תקבל תזכורת לפני שיגיע.	A promise was recorded with a deadline. You will get a reminder before it arrives.	سُجّل وعد بموعد. ستتلقى تذكيرًا قبل حلوله.
תודה. אני מצפה לתפקיד כפי שנאמר, ואזכור את הפנייה.	Thank you. I expect the position as promised, and I will remember your approach.	شكرًا. أتوقع المنصب كما قيل، وسأتذكر مبادرتك.
תודה. אחכה לראות את זה בתקציב. אם לא – נחזור לשיחה הזו.	Thank you. I will wait to see it in the budget. If not – we will come back to this conversation.	شكرًا. سأنتظر لأراه في الميزانية. وإلا – سنعود إلى هذه المحادثة.
היחסים השתפרו. כדי לקיים, בקש תוספת תקציב לשר מראש הממשלה או אשר אותה.	Relations improved. To deliver, request a budget supplement for the minister from the prime minister, or approve it.	تحسنت العلاقات. للوفاء بذلك، اطلب من رئيس الحكومة زيادة في ميزانية الوزير أو صادق عليها.
תודה. זה כל מה שביקשתי. אעריך שתתייעץ איתי בהמשך.	Thank you. That is all I asked. I will appreciate it if you consult me from now on.	شكرًا. هذا كل ما طلبته. سأقدّر أن تستشيرني من الآن فصاعدًا.
אז אין לנו על מה לדבר. אצטרך לשקול את צעדיי.	Then we have nothing to talk about. I will have to consider my steps.	إذن لا شيء لنتحدث عنه. سأضطر إلى دراسة خطواتي.
בשמחה. במה אפשר לעזור? אפשר לציין חוק שחשוב לך, תקציב או תפקיד.	Gladly. How can I help? You can name a law that matters to you, a budget or a position.	بكل سرور. بماذا أستطيع المساعدة؟ يمكنك ذكر قانون يهمك أو ميزانية أو منصب.
בסדר גמור. אני כאן אם תצטרך.	That is fine. I am here if you need me.	لا بأس. أنا هنا إن احتجت.
אשמח לעבוד יחד. תציע נושא ונבדוק.	I would be glad to work together. Suggest a subject and we will look into it.	يسرّني العمل معًا. اقترح موضوعًا وسندرسه.
הוצעה הצעה משותפת. תשובה חיובית תרשום התחייבות הדדית.	A joint proposal was offered. A positive answer will record a mutual commitment.	عُرض اقتراح مشترك. الرد الإيجابي سيسجّل التزامًا متبادلًا.
מצוין. נתאם את ההגשה, ואני סומך עליך שתתמוך גם בהצעה שלנו.	Excellent. We will coordinate the submission, and I trust you to support our proposal too.	ممتاز. سننسق التقديم، وأثق بأنك ستدعم اقتراحنا أيضًا.
נרשמה התחייבות הדדית. היחסים בין המפלגות השתפרו.	A mutual commitment was recorded. Relations between the parties improved.	سُجّل التزام متبادل. تحسنت العلاقات بين الحزبين.
הבנתי. ההצעה נשארת פתוחה אם תשנה את דעתך.	Understood. The offer stays open if you change your mind.	فهمت. يبقى العرض مفتوحًا إذا غيّرت رأيك.
חבל. נזכור זאת בהצבעות.	A pity. We will remember this in the votes.	للأسف. سنتذكر ذلك في التصويت.
היחסים נפגעו מעט.	Relations were slightly damaged.	تضررت العلاقات قليلًا.
אפשר לרכך את ההצעה (פעולת "ריכוך") או להציע תמורה בשיחה.	You can soften the proposal (the "Soften" action) or offer something in return in the conversation.	يمكن تليين الاقتراح (إجراء "التليين") أو عرض مقابل في المحادثة.
אז נפגש בהצבעה.	Then we will meet at the vote.	إذن نلتقي في التصويت.
ברמה העקרונית אפשר לבחון הסכם עודפים או שיתוף פעולה אחרי הבחירות. נחזור לזה כשהסקרים יתייצבו.	In principle we can examine a surplus agreement or cooperation after the election. We will return to it when the polls stabilize.	من حيث المبدأ يمكن بحث اتفاق فائض أو تعاون بعد الانتخابات. سنعود إلى ذلك حين تستقر الاستطلاعات.
היחסים בין המפלגות השתפרו מעט. הסכם עודפים אפשר לעשות במסך מפת היחסים.	Relations between the parties improved slightly. A surplus agreement can be made on the relations map screen.	تحسنت العلاقات بين الحزبين قليلًا. يمكن عقد اتفاق فائض في شاشة خريطة العلاقات.
בסדר. נדבר אחרי הבחירות.	All right. We will talk after the election.	حسنًا. نتحدث بعد الانتخابات.
שלום. מה אתה רוצה?	Hello. What do you want?	مرحبًا. ماذا تريد؟
שלום. מה תרצה לדבר עליו?	Hello. What would you like to talk about?	مرحبًا. عمّ تريد أن تتحدث؟
היי. במה אפשר לעזור?	Hi. How can I help?	أهلًا. بماذا أستطيع المساعدة؟
שלום, טוב לשמוע ממך. על מה נדבר?	Hello, good to hear from you. What shall we talk about?	مرحبًا، جميل أن أسمع منك. عمّ سنتحدث؟
אני מוכן לשמוע, אבל אל תצפה להפתעות. על מה תרצה לדבר?	I am ready to listen, but do not expect surprises. What would you like to talk about?	أنا مستعد للاستماع، لكن لا تتوقع مفاجآت. عمّ تريد أن تتحدث؟
בוודאי. על מה תרצה שנדבר: חוק, תקציב, תפקיד או שיתוף פעולה?	Of course. What shall we talk about: a law, a budget, a position or cooperation?	بالتأكيد. عمّ تريد أن نتحدث: قانون أم ميزانية أم منصب أم تعاون؟
אשמח. מה הנושא? אפשר לציין חוק מסוים, תקציב או תפקיד.	Glad to. What is the subject? You can name a specific law, a budget or a position.	بكل سرور. ما الموضوع؟ يمكنك ذكر قانون معيّن أو ميزانية أو منصب.
טוב. נראה מה יצא מזה.	Fine. We will see what comes of it.	جيد. لنرَ ماذا سينتج عن ذلك.
מצוין. על מה תרצה שנדבר?	Excellent. What would you like to talk about?	ممتاز. عمّ تريد أن نتحدث؟
יופי. תפרט מה אתה מציע ואחשוב על זה.	Good. Spell out what you propose and I will think about it.	جيد. فصّل ما تقترحه وسأفكر في الأمر.
בסדר, נחזור לזה בהזדמנות.	All right, we will come back to it some time.	حسنًا، سنعود إلى ذلك في فرصة أخرى.
מובן. אם תשנה את דעתך – אני כאן.	Understood. If you change your mind – I am here.	مفهوم. إذا غيّرت رأيك – أنا هنا.
אין לי בקשה מסוימת כרגע, רציתי להתעדכן. אם חשוב לך משהו – ציין חוק, תקציב או תפקיד.	I have no particular request right now, I wanted to catch up. If something matters to you – name a law, a budget or a position.	ليس لدي طلب معيّن الآن، أردت الاطمئنان. إذا كان يهمك شيء – اذكر قانونًا أو ميزانية أو منصبًا.
שום דבר דחוף. אם יש משהו שאתה צריך ממני, תגיד.	Nothing urgent. If there is something you need from me, say so.	لا شيء عاجل. إذا كان هناك ما تحتاجه مني، قل.
תקציב זה עניין של ראש הממשלה ושל שר האוצר. אם אתה מציע משהו בתמורה לתמיכה, תפרט.	The budget is a matter for the prime minister and the finance minister. If you offer something in return for support, spell it out.	الميزانية شأن رئيس الحكومة ووزير المالية. إذا كنت تعرض شيئًا مقابل الدعم، فصّل.
מינויים הם עניין של ראש הממשלה. אם אתה מבטיח תפקיד, אמור זאת במפורש ואני אזכור.	Appointments are a matter for the prime minister. If you are promising a position, say it explicitly and I will remember.	التعيينات شأن رئيس الحكومة. إذا كنت تعد بمنصب، قلها صراحة وسأتذكر.
תגיע לעניין.	Get to the point.	ادخل في صلب الموضوع.
לא לגמרי הבנתי. אפשר לדבר על חוק מסוים, על תקציב, על תפקיד או על שיתוף פעולה. מה חשוב לך?	I did not quite understand. We can talk about a specific law, a budget, a position or cooperation. What matters to you?	لم أفهم تمامًا. يمكن الحديث عن قانون معيّن أو ميزانية أو منصب أو تعاون. ما الذي يهمك؟
אשמח להבין. במה מדובר: חוק, תקציב, תפקיד או משהו אחר?	I would like to understand. What is it about: a law, a budget, a position or something else?	أودّ أن أفهم. بماذا يتعلق الأمر: قانون أم ميزانية أم منصب أم شيء آخر؟
שמעתי דברים שנאמרו עליי, ואני מניח שלא בלי ידיעתך. אפשר לשוחח?	I heard things that were said about me, and I assume not without your knowledge. Can we talk?	سمعت أشياء قيلت عني، وأفترض أنها لم تُقل دون علمك. هل يمكن أن نتحدث؟
אני מרגיש שהבטחות לא מתקיימות. אשמח להבין איפה אנחנו עומדים.	I feel that promises are not being kept. I would like to understand where we stand.	أشعر أن الوعود لا تُنفَّذ. أودّ أن أفهم أين نقف.
אל תצפה לתמיכה שלנו בהצבעות הקרובות.	Do not expect our support in the coming votes.	لا تتوقع دعمنا في التصويتات القريبة.
ראיתי את הדברים שלך בתקשורת. נשמע לי נכון. כדאי שנמשיך בקו הזה.	I saw what you said in the media. It sounds right to me. We should keep to this line.	رأيت كلامك في الإعلام. يبدو لي صحيحًا. يجدر أن نواصل بهذا الخط.
אם צריך שאדבר עם עמיתים בסיעה בשבילך, אני זמין.	If I need to talk to colleagues in the faction for you, I am available.	إذا لزم أن أتحدث مع زملاء في الكتلة من أجلك، فأنا متاح.
הסקרים זזים. כדאי שנתאם עמדות לפני ההצבעות הבאות.	The polls are moving. We should coordinate positions before the next votes.	الاستطلاعات تتحرك. يجدر أن ننسق المواقف قبل التصويتات القادمة.
היה לי רעיון בעקבות השיחה האחרונה שלנו. אפשר לדבר?	I had an idea after our last conversation. Can we talk?	خطرت لي فكرة بعد محادثتنا الأخيرة. هل يمكن أن نتحدث؟
ההבטחות שלי	My promises	وعودي
הבטחות	Promises	الوعود
כל מה שהבטחת ועוד לא קוים, עם המועד ועם הצעד המהיר לקיום.	Everything you promised and haven't kept yet, with the deadline and the quickest step to keep it.	كل ما وعدت به ولم يُنفَّذ بعد، مع الموعد والخطوة الأسرع لتنفيذه.
כל ההבטחות שעוד לא קוימו: להסכם הקואליציוני, לפוליטיקאים ולציבור, עם המועד ועם כפתור לקיום מהיר	All promises not yet kept: to the coalition agreement, to politicians and to the public, with the deadline and a quick-action button	كل الوعود التي لم تُنفَّذ بعد: للاتفاق الائتلافي وللسياسيين وللجمهور، مع الموعد وزر للتنفيذ السريع
⏸️ אין כרגע ממשלה מתפקדת (בחירות, משא ומתן או ממשלת מעבר), ולכן אי אפשר לחוקק. המועדים מוקפאים עד שתקום ממשלה חדשה, ואף אחד לא יכעס על כך שלא קיימת.	⏸️ There is no functioning government right now (elections, negotiations or a caretaker government), so no laws can pass. Deadlines are frozen until a new government is formed, and nobody will be angry that you didn't deliver.	⏸️ لا توجد حاليًا حكومة فاعلة (انتخابات أو مفاوضات أو حكومة انتقالية)، لذا لا يمكن التشريع. المواعيد مجمّدة حتى تتشكل حكومة جديدة، ولن يغضب أحد لأنك لم تفِ.
אין הבטחות פתוחות.	No open promises.	لا توجد وعود مفتوحة.
חוקים שהתחייבת להעביר מול השותפות. הפרה מורידה יציבות, ולפעמים שותפה פורשת.	Laws you committed to pass with your partners. A breach lowers stability, and sometimes a partner walks out.	قوانين التزمت بتمريرها أمام الشركاء. الإخلال يخفض الاستقرار، وأحيانًا ينسحب شريك.
מה שהבטחת לפוליטיקאים בשיחות, בפגישות ובמשא ומתן. הבטחה שלא תקוים הופכת לבגידה שהם זוכרים.	What you promised politicians in chats, meetings and negotiations. A promise not kept becomes a betrayal they remember.	ما وعدت به السياسيين في المحادثات واللقاءات والمفاوضات. الوعد الذي لا يُنفَّذ يصبح خيانة يتذكرونها.
הבטחות בחירות. נמדדות לפי המצב בפועל, לא לפי חוק מסוים.	Election promises. Measured by the actual situation, not by a specific law.	وعود انتخابية. تُقاس بالوضع الفعلي، لا بقانون معيّن.
קריאה טרומית	Preliminary reading	قراءة تمهيدية
בוועדה	In committee	في اللجنة
לקראת קריאה שלישית	Heading to third reading	نحو القراءة الثالثة
בדיון	Under debate	قيد النقاش
📣 גיוס תמיכה	📣 Rally support	📣 حشد الدعم
📝 הגש את החוק	📝 Propose the law	📝 قدّم القانون
🪑 למינויים	🪑 To appointments	🪑 إلى التعيينات
💬 לשיחה	💬 To chat	💬 إلى المحادثة
הובטח ל:	Promised to:	وُعد به:
המועד הגיע	The deadline has arrived	حان الموعد
הציבור	The public	الجمهور
כל המשרדים	All ministries	جميع الوزارات
חוקים ורפורמות	Laws and reforms	قوانين وإصلاحات
רפורמות	Reforms	إصلاحات
חיפוש…	Search…	بحث…
הצג עוד	Show more	عرض المزيد
יו״ר הכנסטון	Knesseton speaker	رئيس الكنيستون
אתה מנהל את המליאה: קובע את סדר היום, שומר על הסדר ומייצג את הכנסטון. כל פעולה משפיעה על המוניטין, על הפופולריות ועל יציבות הממשלה.	You run the plenum: you set the agenda, keep order and represent the Knesseton. Every action affects your reputation, popularity and government stability.	أنت تدير الهيئة العامة: تحدد جدول الأعمال وتحفظ النظام وتمثل الكنيستون. كل خطوة تؤثر على السمعة والشعبية واستقرار الحكومة.
🤝 תיווך בין קואליציה לאופוזיציה	🤝 Mediate between coalition and opposition	🤝 الوساطة بين الائتلاف والمعارضة
🎙️ דיון מיוחד במליאה	🎙️ Special plenum debate	🎙️ نقاش خاص في الهيئة العامة
🚪 הרחקת ח״כים מפריעים	🚪 Remove disruptive MKs	🚪 إبعاد النواب المشاغبين
🌍 אירוח מנהיג זר	🌍 Host a foreign leader	🌍 استضافة زعيم أجنبي
⚖️ ועדת האתיקה	⚖️ Ethics committee	⚖️ لجنة الأخلاقيات
🏛️ יום פתוח	🏛️ Open day	🏛️ يوم مفتوح
📘 רפורמה בתקנון	📘 Rules reform	📘 إصلاح النظام الداخلي
📅 קידום בסדר היום	📅 Advance on the agenda	📅 تقديم في جدول الأعمال
⏸️ עיכוב	⏸️ Delay	⏸️ تأجيل
רק יו״ר הכנסטון	Only the Knesseton speaker	رئيس الكنيستون فقط
חיפוש לפי שם…	Search by name…	بحث بالاسم…
⚠️ לא נשמר	⚠️ Not saved	⚠️ لم يُحفظ
השמירה נכשלה: הדפדפן חוסם אחסון (גלישה פרטית?). לחץ לפרטים ולייצוא	Save failed: the browser blocks storage (private browsing?). Tap for details and export	فشل الحفظ: المتصفح يحظر التخزين (تصفح خاص؟). اضغط للتفاصيل والتصدير
זמין	Available	متاح
חסום	Blocked	محظور
אין	None	لا يوجد
הדפדפן לא מאפשר לשמור (גלישה פרטית, או הגדרת פרטיות שחוסמת אחסון). צא מגלישה פרטית, או השתמש ב"ייצוא שמירה" כדי לשמור קובץ.	The browser does not allow saving (private browsing, or a privacy setting that blocks storage). Leave private browsing, or use "Export save" to save a file.	المتصفح لا يسمح بالحفظ (تصفح خاص أو إعداد خصوصية يحظر التخزين). اخرج من التصفح الخاص أو استخدم "تصدير الحفظ" لحفظ ملف.
⏸️ הכנסטון התפזר לקראת הבחירות. הצעות חוק שכבר הוגשו ממתינות, וההצבעות עליהן יתקיימו רק אחרי שתקום ממשלה חדשה.	⏸️ The Knesseton has dissolved ahead of the election. Bills already submitted wait, and votes on them are held only after a new government is formed.	⏸️ حُلّ الكنيستون قبل الانتخابات. مشاريع القوانين المقدّمة تنتظر، والتصويت عليها يجري فقط بعد تشكيل حكومة جديدة.
⏸️ ממתין לכנסטון החדש	⏸️ Waiting for the new Knesseton	⏸️ بانتظار الكنيستون الجديد
תשמע.	Listen.	اسمع.
אני אגיד לך בדיוק.	I'll tell you exactly.	سأقول لك بالضبط.
תראה.	Look.	انظر.
בוא נהיה ישירים.	Let's be direct.	لنكن مباشرين.
נמשיך מכאן.	We'll go on from here.	سنكمل من هنا.
יש לנו עוד הרבה לעשות יחד.	We still have a lot to do together.	ما زال أمامنا الكثير لنفعله معًا.
לא בטוח שהבנתי. אתה מבקש ממני תמיכה, מציע לי משהו, או שואל על עמדה?	I'm not sure I understood. Are you asking for my support, offering me something, or asking about a position?	لست متأكدًا أنني فهمت. هل تطلب دعمي، أم تعرض عليّ شيئًا، أم تسأل عن موقف؟
תנסח את זה אחרת: מה אתה רוצה שיקרה, ומה אתה נותן?	Put it differently: what do you want to happen, and what do you give?	صِغها بطريقة أخرى: ماذا تريد أن يحدث، وماذا تعطي؟
תוספת תקציב זה לא בסמכות שלך. תציע משהו שאתה יכול לקיים.	A budget increase isn't within your authority. Offer something you can deliver.	زيادة الميزانية ليست من صلاحياتك. اعرض شيئًا يمكنك الوفاء به.
אני במקום שאני רוצה להיות בו. בינתיים.	I'm where I want to be. For now.	أنا حيث أريد أن أكون. حاليًا.
בן ברית. עובדים יחד טוב, ואני סומך עליו.	An ally. We work well together, and I trust him.	حليف. نعمل معًا جيدًا، وأنا أثق به.
לא סומך עליו. תיזהר ממנו, הוא זוכר חשבונות.	I don't trust him. Be careful, he keeps score.	لا أثق به. احذر منه، فهو يحفظ الحسابات.
יחסים ענייניים. לא חבר, לא אויב.	A working relationship. Not a friend, not an enemy.	علاقة عملية. لا صديق ولا عدو.
חבר סיעה שלי.	A member of my faction.	عضو في كتلتي.
בחירת משרד לפרויקטים	Choose a ministry for projects	اختيار وزارة للمشاريع
תור רגיל הוא חודשיים. ב-4 החודשים שלפני הבחירות כל תור הוא שבועיים של קמפיין.	A normal turn is two months. In the four months before an election every turn is two weeks of campaigning.	الدور العادي شهران. في الأشهر الأربعة التي تسبق الانتخابات كل دور أسبوعان من الحملة.
התקציב מתעכב, ואני לא אוהב את זה. אם יש לך השפעה על האוצר, עכשיו הזמן.	The budget is late, and I don't like it. If you have any pull at the Treasury, now is the time.	الميزانية تتأخر، وهذا لا يعجبني. إن كان لك نفوذ في المالية، فالآن هو الوقت.
במלחמה לא מנצחים בחצי כוח. אם תהסס, הציבור ירגיש את זה. אני מאחוריך כל עוד המטרה היא ניצחון.	You don't win a war at half strength. If you hesitate, the public will feel it. I'm behind you as long as the goal is victory.	لا تُكسب الحرب بنصف قوة. إن ترددت فسيشعر الجمهور بذلك. أنا خلفك ما دام الهدف هو النصر.
כל יום של לחימה בלי אופק מדיני עולה לנו בחיילים ובאמון העולם. מתי מדברים על היום שאחרי?	Every day of fighting without a political horizon costs us soldiers and the world's trust. When do we talk about the day after?	كل يوم قتال بلا أفق سياسي يكلفنا جنودًا وثقة العالم. متى نتحدث عن اليوم التالي؟
האיום בצפון מתעצם ואנחנו מחכים. הרתעה לא בונים בישיבות.	The threat in the north is growing and we are waiting. Deterrence isn't built in meetings.	التهديد في الشمال يتصاعد ونحن ننتظر. الردع لا يُبنى في الاجتماعات.
הציבור שלנו מצפה להסדרת מעמד לומדי התורה. בלי זה, קשה לי להסביר בבית למה אנחנו שותפים.	Our public expects the status of Torah students to be settled. Without it, I find it hard to explain at home why we are partners.	جمهورنا يتوقع تسوية وضع طلاب التوراة. بدون ذلك يصعب عليّ أن أشرح في البيت لماذا نحن شركاء.
שוויון בנטל זה לא סיסמה אצלנו. אם תזיז את זה, תקבל גב מלא.	Sharing the burden isn't a slogan for us. Move it, and you'll have our full backing.	المساواة في تحمل العبء ليست شعارًا عندنا. إن حرّكت ذلك فستحصل على دعم كامل.
אני לא רגיל לחכות לתשובות. כשאני כותב, אני מצפה למענה באותו יום.	I'm not used to waiting for answers. When I write, I expect a reply the same day.	لست معتادًا على انتظار الأجوبة. عندما أكتب أتوقع ردًا في اليوم نفسه.
אני לא מתכוון להישאר במקום הזה לנצח. מי שעוזר לי לעלות, אני זוכר אותו.	I don't intend to stay in this seat forever. Whoever helps me rise, I remember.	لا أنوي البقاء في هذا المكان إلى الأبد. من يساعدني على الصعود أتذكره.
בלי דרמות: רציתי רק לבדוק שאנחנו מתואמים. יש משהו שצריך לדעת?	No drama: I just wanted to check we're aligned. Anything I should know?	بلا دراما: أردت فقط التأكد من أننا منسقون. هل هناك ما ينبغي أن أعرفه؟
ראיתי אותך בטלוויזיה. לא רע. בפעם הבאה תדבר פחות על הכלכלה ויותר על אנשים.	I saw you on TV. Not bad. Next time talk less about the economy and more about people.	رأيتك في التلفزيون. لا بأس. في المرة القادمة تحدث أقل عن الاقتصاد وأكثر عن الناس.
הטלפון שלי לא מפסיק לצלצל עם עיתונאים ששואלים עליך. מה אני אמור להגיד להם?	My phone won't stop ringing with journalists asking about you. What am I supposed to tell them?	هاتفي لا يتوقف عن الرنين بصحفيين يسألون عنك. ماذا يُفترض أن أقول لهم؟
חבר ממליץ: אל תאמין לכל מה שמספרים לך על החברים שלך בקואליציה.	Friendly advice: don't believe everything you're told about your coalition partners.	نصيحة صديق: لا تصدّق كل ما يُقال لك عن شركائك في الائتلاف.
עברנו ביחד כבר כמה חודשים. אם תשאל אותי, המשחק האמיתי מתחיל עכשיו.	We've been through a few months together. If you ask me, the real game starts now.	مرّت علينا بضعة أشهر معًا. إن سألتني، فاللعبة الحقيقية تبدأ الآن.
ראיתי אותך בוועדה. עבודה טובה. אם תרצה להתקדם, כדאי שנדבר על מה שאתה יכול לעשות בשבילנו.	I saw you in committee. Good work. If you want to move up, we should talk about what you can do for us.	رأيتك في اللجنة. عمل جيد. إن أردت التقدم، فعلينا أن نتحدث عما يمكنك فعله من أجلنا.
באופוזיציה אפשר להיות קול, או להיות רעש. אם תרצה לעבוד יחד על משהו שמביך את הממשלה, אני כאן.	In opposition you can be a voice, or just noise. If you want to work together on something that embarrasses the government, I'm here.	في المعارضة يمكنك أن تكون صوتًا أو مجرد ضجيج. إن أردت العمل معًا على ما يحرج الحكومة، فأنا هنا.
זה כאב ראש. צריך לטפל בזה לפני שזה הופך לסיפור.	It's a headache. We need to deal with it before it becomes a story.	إنه صداع. علينا معالجته قبل أن يتحول إلى قصة.
לא נעים, אבל זה יעבור אם לא נתעסק עם זה יותר מדי.	Unpleasant, but it will pass if we don't dwell on it.	غير مريح، لكنه سيمر إن لم ننشغل به كثيرًا.
ככה נראית ממשלה שאיבדה שליטה.	That's what a government that lost control looks like.	هكذا تبدو حكومة فقدت السيطرة.
אני לא מופתע. אמרנו שזה יקרה.	I'm not surprised. We said this would happen.	لست متفاجئًا. قلنا إن هذا سيحدث.
טוב לראות. כדאי לנצל את זה בתקשורת.	Good to see. Worth using in the media.	من الجيد رؤية ذلك. يجدر استغلاله في الإعلام.
נחכה לראות אם זה מחזיק מים.	We'll wait to see if it holds up.	سننتظر لنرى إن كان يصمد.
מעניין. אם זה נוגע לביטחון, אני אעקוב.	Interesting. If it touches security, I'll follow it.	مثير للاهتمام. إن كان يتعلق بالأمن فسأتابعه.
שמעתי. נראה מה יוצא מזה.	I heard. We'll see what comes of it.	سمعت. سنرى ما يخرج من ذلك.
הסיעה מלוכדת	The faction is united	الكتلة متماسكة
יש ויכוחים בסיעה, כרגיל	There are arguments in the faction, as usual	هناك خلافات في الكتلة، كالعادة
הסיעה מפוצלת, ולא בטוח שאפשר להסתיר את זה עוד	The faction is split, and I'm not sure it can be hidden any longer	الكتلة منقسمة، ولست متأكدًا أنه يمكن إخفاء ذلك أكثر
אני מנסה להחזיק את כולם יחד.	I'm trying to hold everyone together.	أحاول أن أبقي الجميع معًا.
אצלנו? שקט יחסית.	With us? Relatively quiet.	عندنا؟ هادئ نسبيًا.
הכיוון המדיני (שטח עובר לפלסטינים):	The diplomatic direction (land goes to the Palestinians):	الاتجاه السياسي (الأرض تنتقل إلى الفلسطينيين):
הכיוון ההפוך (שליטה ישמעאלית מורחבת):	The opposite direction (expanded Yishmaeli control):	الاتجاه المعاكس (توسيع السيطرة اليشمعيلية):
⬅️ B → C: ריבונות בפועל	⬅️ B → C: de facto sovereignty	⬅️ B → C: سيادة فعلية
⬅️ A → B: חזרה לשליטה	⬅️ A → B: regaining control	⬅️ A → B: استعادة السيطرة
להעביר 2% משטח B לשטח C? צעד של ריבונות בפועל. הרשות והעולם יגנו, הימין יברך.	Move 2% from area B to area C? A step of de facto sovereignty. The Authority and the world will condemn it, the right will welcome it.	نقل 2% من المنطقة B إلى المنطقة C؟ خطوة سيادة فعلية. السلطة والعالم سيدينان، واليمين سيرحب.
להחזיר 2% משטח A לשטח B? צעד חריף: הרשות הפלסטינית תגיב וסיכון האלימות יעלה.	Return 2% from area A to area B? A sharp step: the Palestinian Authority will react and the risk of violence will rise.	إعادة 2% من المنطقة A إلى المنطقة B؟ خطوة حادة: ستتفاعل السلطة الفلسطينية وسيرتفع خطر العنف.
מבצע ארצי נגד ארגוני פשיעה	National operation against crime organizations	عملية قطرية ضد منظمات الجريمة
פשיטות מתואמות על ארגוני הפשיעה, החרמת נשק ורכוש.	Coordinated raids on crime organizations, with seizure of weapons and assets.	مداهمات منسقة لمنظمات الجريمة مع مصادرة الأسلحة والأموال.
סיכול חוליות טרור	Foiling terror cells	إحباط خلايا الإرهاب
פעילות משותפת של השב״כ והמשטרה נגד תשתיות טרור בפנים המדינה.	Joint Shin Bet and police work against terror infrastructure inside the country.	عمل مشترك للشاباك والشرطة ضد البنية التحتية للإرهاب داخل الدولة.
מעצרים נגד מסיתים ופורעי חוק	Arrests of inciters and rioters	اعتقالات ضد المحرضين والمشاغبين
מעצרים מנהליים ופליליים נגד מסיתים ואלימים בהפגנות ובמרשתת.	Administrative and criminal arrests of inciters and violent people at protests and online.	اعتقالات إدارية وجنائية ضد المحرضين والعنيفين في المظاهرات وعلى الإنترنت.
תגבור מג״ב בערים מעורבות	Border Police reinforcement in mixed cities	تعزيز حرس الحدود في المدن المختلطة
כוחות מג״ב נוספים בלוד, עכו, רמלה וחיפה בימי מתיחות.	More Border Police in Lod, Acre, Ramla and Haifa on days of tension.	قوات حرس حدود إضافية في اللد وعكا والرملة وحيفا في أيام التوتر.
שיטור קהילתי בשכונות	Community policing in neighborhoods	شرطة مجتمعية في الأحياء
שוטר קבוע לכל שכונה ומוקדי שיטור בשכונות מוזנחות.	A permanent officer for every neighborhood and police posts in neglected areas.	شرطي ثابت لكل حي ومراكز شرطة في الأحياء المهملة.
הרחבת רישיונות נשק	Expanding firearm licenses	توسيع تراخيص السلاح
הקלות במתן רישיונות נשק לאזרחים שעברו הכשרה.	Easier licensing for trained civilians.	تسهيل ترخيص السلاح للمدنيين المدرّبين.
שיפור תנאי הכליאה והשיקום	Better prison conditions and rehabilitation	تحسين ظروف الاحتجاز وإعادة التأهيل
הרחבת שטחי מחיה ותוכניות שיקום לאסירים כדי להפחית חזרה לפשע.	More living space and rehabilitation programs to reduce reoffending.	مساحة معيشة أكبر وبرامج تأهيل لتقليل العودة إلى الجريمة.
יחידה נגד פשיעת רשת והונאות	Unit against cybercrime and fraud	وحدة ضد الجريمة الإلكترونية والاحتيال
חיזוק היחידה הארצית נגד הונאות טלפוניות ופשיעה ברשת.	Strengthens the national unit against phone scams and online crime.	تعزيز الوحدة القطرية ضد الاحتيال الهاتفي والجريمة على الإنترنت.
מענה להפגנה אלימה	Response to a violent protest	الرد على مظاهرة عنيفة
הנחיה למשטרה להגיב בכוח מוגבר להפגנה שיצאה משליטה.	Instructs the police to respond with greater force to a protest that got out of hand.	توجيه الشرطة للرد بقوة أكبر على مظاهرة خرجت عن السيطرة.
אכיפה נגד נהיגה פרועה	Enforcement against reckless driving	إنفاذ ضد القيادة المتهورة
שוטרים נוספים בכבישים, מצלמות והחרמת רכבים מסוכנים.	More officers on the roads, cameras and seizure of dangerous vehicles.	شرطيون إضافيون على الطرق وكاميرات ومصادرة المركبات الخطرة.
ביטחון פנים	Internal security	الأمن الداخلي
לבצע	Carry out	تنفيذ
פעולות המשטרה, השב״כ והשב״ס בתוך המדינה. הצלחתן תלויה במימון המשטרה וביעילות המשרד לביטחון לאומי. פתוח לראש הממשלה ולשר לביטחון לאומי.	Police, Shin Bet and prison service actions inside the country. Success depends on police funding and the efficiency of the National Security Ministry. Open to the prime minister and the National Security Minister.	إجراءات الشرطة والشاباك ومصلحة السجون داخل الدولة. يعتمد نجاحها على تمويل الشرطة وكفاءة وزارة الأمن القومي. مفتوح لرئيس الحكومة ولوزير الأمن القومي.
מסך הביטחון פתוח לראש הממשלה, לשר הביטחון ולשר לביטחון לאומי.	The security screen is open to the prime minister, the defense minister and the national security minister.	شاشة الأمن مفتوحة لرئيس الحكومة ووزير الدفاع ووزير الأمن القومي.
המסלול הצבאי, המסלול המדיני וביטחון הפנים. מבצעים גדולים ומהלכים מדיניים משמעותיים דורשים אישור הקבינט.	The military track, the diplomatic track and internal security. Large operations and significant diplomatic moves need cabinet approval.	المسار العسكري والمسار السياسي والأمن الداخلي. العمليات الكبيرة والخطوات السياسية المهمة تتطلب موافقة الحكومة.
ביטחון הפנים: משטרה, שב״כ ושב״ס. החזיתות מוצגות לעיון בלבד.	Internal security: police, Shin Bet and prisons. The fronts are shown for reference only.	الأمن الداخلي: الشرطة والشاباك والسجون. الجبهات معروضة للاطلاع فقط.
