מיגון יישובי הצפון	Northern Communities Fortification	تحصين بلدات الشمال
מפעל תחמושת לאומי בנגב	National Munitions Plant in the Negev	مصنع ذخيرة وطني في النقب
שכבת יירוט לייזר	Laser Interception Layer	طبقة اعتراض بالليزر
מרכז שיקום לאומי לפצועי צה״ל	National Rehabilitation Center for Wounded Soldiers	مركز وطني لتأهيل جرحى الجيش
עיר הבה״דים שלב ב׳	Training Bases City, Phase B	مدينة قواعد التدريب، المرحلة الثانية
מכשול חכם בגבול לבנון	Smart Barrier on the Lebanon Border	حاجز ذكي على الحدود اللبنانية
לווייני תצפית חדשים	New Observation Satellites	أقمار مراقبة جديدة
דיור לאנשי קבע בצפון	Housing for Career Soldiers in the North	سكن لعسكريي الخدمة الدائمة في الشمال
מערך טיפול בפוסט-טראומה	PTSD Treatment Network	منظومة علاج اضطراب ما بعد الصدمة
טייסת מסוקים חדשה	New Helicopter Squadron	سرب مروحيات جديد
מכללה טכנולוגית לחיילים משוחררים	Technology College for Discharged Soldiers	كلية تكنولوجية للجنود المسرّحين
שדרוג נמל חיל הים בחיפה	Haifa Naval Base Upgrade	تحديث قاعدة سلاح البحرية في حيفا
מחסני חירום לאומיים	National Emergency Depots	مخازن الطوارئ الوطنية
מרכז מו״פ ביטחוני	Defense R&D Center	مركز بحث وتطوير دفاعي
מיגון יישובי יהודה ושומרון	Judea and Samaria Communities Fortification	تحصين بلدات يهودا والسامرة
מערכת מס דיגיטלית חדשה	New Digital Tax System	نظام ضريبي رقمي جديد
החזרי מס אוטומטיים	Automatic Tax Refunds	استرداد ضريبي تلقائي
קריית הממשלה הכלכלית	Economic Government Campus	المجمع الحكومي الاقتصادي
פורטל התקציב הפתוח	Open Budget Portal	بوابة الميزانية المفتوحة
קרן השקעות לנגב	Negev Investment Fund	صندوق استثمار النقب
קרן העושר הלאומית	National Wealth Fund	صندوق الثروة الوطني
שותפות ציבורית-פרטית לתשתיות	Public-Private Infrastructure Partnership	شراكة عامة-خاصة للبنية التحتية
מסלול ירוק לעסקים קטנים	Green Track for Small Businesses	مسار أخضر للأعمال الصغيرة
בנק דיגיטלי ממלכתי	State Digital Bank	بنك رقمي حكومي
מערכת השוואת מחירים לאומית	National Price Comparison System	نظام وطني لمقارنة الأسعار
קרן משכנתאות לצעירים	Youth Mortgage Fund	صندوق رهن عقاري للشباب
חינוך פיננסי בפריפריה	Financial Education in the Periphery	تعليم مالي في الأطراف
קרן ערבות לעסקים	Business Guarantee Fund	صندوق ضمانات للأعمال
רשות הערכת רגולציה	Regulation Assessment Authority	هيئة تقييم التنظيم
רשות ההשקעות הזרות	Foreign Investment Authority	هيئة الاستثمارات الأجنبية
קריית משרד החוץ החדשה	New Foreign Ministry Campus	المجمع الجديد لوزارة الخارجية
פתיחת עשר שגרירויות באפריקה	Ten New Embassies in Africa	فتح عشر سفارات في أفريقيا
מרכז הסברה דיגיטלי	Digital Advocacy Center	مركز الدبلوماسية الرقمية
אקדמיה דיפלומטית	Diplomatic Academy	الأكاديمية الدبلوماسية
מרכז שיתוף פעולה אזורי בנגב	Regional Cooperation Center in the Negev	مركز التعاون الإقليمي في النقب
פרויקט מים לירדן	Water Project for Jordan	مشروع المياه للأردن
מרכז שירות קונסולרי מקוון	Online Consular Service Center	مركز الخدمة القنصلية الإلكترونية
מרכז כנסים בינלאומי באילת	International Convention Center in Eilat	مركز مؤتمرات دولي في إيلات
קרן חירום לאזרחים בחו״ל	Emergency Fund for Citizens Abroad	صندوق طوارئ للمواطنين في الخارج
מסוף סחר למסדרון הודו-אירופה	Trade Terminal for the India-Europe Corridor	محطة تجارية لممر الهند-أوروبا
מרכז תרבות ישמעאלי בעולם	Yishmaeli Culture Centers Abroad	مراكز ثقافية يشمعيلية في العالم
קרן מחקר משותפת עם אירופה	Joint Research Fund with Europe	صندوق بحث مشترك مع أوروبا
מכון לדיפלומטיה אזורית	Institute for Regional Diplomacy	معهد الدبلوماسية الإقليمية
מערך משפטי מול בתי דין בינלאומיים	Legal Unit for International Courts	وحدة قانونية للمحاكم الدولية
תוכנית שגרירים צעירים	Young Ambassadors Program	برنامج السفراء الشباب
בית משפט מחוזי חדש במרכז	New District Court in the Center	محكمة مركزية جديدة في المركز
היכל משפט בנצרת	Courthouse in Nazareth	قصر العدل في الناصرة
מערכת בתי המשפט הדיגיטלית	Digital Court System	نظام المحاكم الرقمي
בית משפט לענייני משפחה בבאר שבע	Family Court in Beersheba	محكمة شؤون الأسرة في بئر السبع
קריית המשפט בירושלים	Justice Campus in Jerusalem	مجمع العدل في القدس
רשות הגנת הפרטיות	Privacy Protection Authority	هيئة حماية الخصوصية
מרכזי עדות מוגנת לילדים	Protected Testimony Centers for Children	مراكز شهادة محمية للأطفال
מאגר החקיקה הפתוח	Open Legislation Database	قاعدة التشريعات المفتوحة
מרכזי גישור ארציים	National Mediation Centers	مراكز الوساطة القطرية
מרכזי סיוע משפטי בפריפריה	Legal Aid Centers in the Periphery	مراكز المساعدة القانونية في الأطراف
דיגיטציה של רישום המקרקעין	Land Registry Digitization	رقمنة سجل الأراضي
בית משפט מנהלי בחיפה	Administrative Court in Haifa	محكمة إدارية في حيفا
קרן פיצוי לנפגעי עבירה	Crime Victims Compensation Fund	صندوق تعويض ضحايا الجرائم
בית הספר הלאומי לשופטים	National School for Judges	المدرسة الوطنية للقضاة
נציבות ביקורת על הפרקליטות	Prosecution Oversight Commission	مفوضية الرقابة على النيابة
תחנות משטרה חדשות ביישובים הערביים	New Police Stations in Arab Towns	مراكز شرطة جديدة في البلدات العربية
בית כלא מודרני בנגב	Modern Prison in the Negev	سجن حديث في النقب
האקדמיה הלאומית לשוטרים	National Police Academy	الأكاديمية الوطنية للشرطة
מערך מצלמות עירוני ארצי	National Urban Camera Network	شبكة كاميرات حضرية قطرية
תחנות כיבוי חדשות בגליל	New Fire Stations in the Galilee	محطات إطفاء جديدة في الجليل
צי מטוסי כיבוי	Firefighting Aircraft Fleet	أسطول طائرات الإطفاء
מעבדה פורנזית לאומית	National Forensic Laboratory	مختبر الأدلة الجنائية الوطني
מוקד חירום לאומי מאוחד	Unified National Emergency Center	مركز الطوارئ الوطني الموحد
תחנות שיטור קהילתי בשכונות	Community Policing Stations	مراكز الشرطة المجتمعية في الأحياء
בסיס מג״ב חדש במרכז	New Border Police Base in the Center	قاعدة جديدة لحرس الحدود في المركز
יחידת סייבר-פשיעה ארצית	National Cybercrime Unit	وحدة الجرائم الإلكترونية القطرية
מרכז בקרה ארצי למשטרה	National Police Command Center	مركز القيادة الوطني للشرطة
יחידה למניעת הונאות קשישים	Elder Fraud Prevention Unit	وحدة منع الاحتيال على المسنين
מרכז שיקום אסירים	Prisoner Rehabilitation Center	مركز إعادة تأهيل السجناء
יחידת אכיפה נגד גניבות חקלאיות	Agricultural Theft Enforcement Unit	وحدة الإنفاذ ضد السرقات الزراعية
תעודת זהות דיגיטלית לאומית	National Digital ID	الهوية الرقمية الوطنية
לשכות אוכלוסין חדשות בפריפריה	New Population Offices in the Periphery	مكاتب سكان جديدة في الأطراف
מערכת תכנון ורישוי מקוונת	Online Planning and Licensing System	نظام تخطيط وترخيص إلكتروني
תוכניות מתאר ליישובים הערביים	Master Plans for Arab Towns	مخططات هيكلية للبلدات العربية
פארקים עירוניים חדשים	New Urban Parks	حدائق حضرية جديدة
מחסני חירום ברשויות	Emergency Depots in Local Authorities	مخازن طوارئ في السلطات المحلية
הנגשת מבני הרשויות	Accessibility in Municipal Buildings	إتاحة مباني السلطات
חיזוק מבנים מפני רעידות אדמה	Earthquake Retrofitting	تدعيم المباني ضد الزلازل
מדד שירות ברשויות	Municipal Service Index	مؤشر الخدمة في السلطات
אשכול שירותים אזורי בנגב	Regional Services Cluster in the Negev	عنقود خدمات إقليمي في النقب
מעברי חצייה בטוחים ליד בתי ספר	Safe Crossings Near Schools	ممرات عبور آمنة قرب المدارس
תשתיות ליישובים הבדואיים	Infrastructure for Bedouin Towns	بنية تحتية للبلدات البدوية
מינהלת התחדשות עירונית	Urban Renewal Administration	إدارة التجديد الحضري
תוכנית ניקיון ארצית	National Cleanliness Program	برنامج النظافة القطري
מרכז הכשרה לעובדי הרשויות	Training Center for Municipal Staff	مركز تدريب لموظفي السلطات
בית חולים חדש בגליל	New Hospital in the Galilee	مستشفى جديد في الجليل
מרכזי בריאות הנפש בקהילה	Community Mental Health Centers	مراكز الصحة النفسية في المجتمع
תחנות אמבולנס בפריפריה	Ambulance Stations in the Periphery	محطات إسعاف في الأطراف
תיק רפואי דיגיטלי אחד	Single Digital Medical Record	ملف طبي رقمي موحد
מרפאות שיניים ציבוריות	Public Dental Clinics	عيادات أسنان عامة
מרכזי יום גריאטריים	Geriatric Day Centers	مراكز نهارية لكبار السن
בית ספר לסיעוד בצפון	Nursing School in the North	مدرسة تمريض في الشمال
אגפי אשפוז חדשים במרכז	New Hospital Wings in the Center	أجنحة استشفاء جديدة في المركز
מרכז מחקר רפואי לאומי	National Medical Research Center	مركز وطني للبحث الطبي
בית חולים לילדים בירושלים	Children's Hospital in Jerusalem	مستشفى أطفال في القدس
מסוקי פינוי רפואי לדרום	Medical Evacuation Helicopters for the South	مروحيات إخلاء طبي للجنوب
רשת בתי מרקחת ציבוריים	Public Pharmacy Network	شبكة صيدليات عامة
שדרוג בית החולים באילת	Eilat Hospital Upgrade	تحديث مستشفى إيلات
מעבדה לאומית למגפות	National Epidemics Laboratory	مختبر وطني للأوبئة
תוכנית רפואה מונעת ארצית	National Preventive Medicine Program	برنامج الطب الوقائي القطري
1,000 כיתות חדשות	1,000 New Classrooms	1,000 صف دراسي جديد
מחשב לכל תלמיד	A Computer for Every Pupil	حاسوب لكل طالب
מעונות יום ציבוריים	Public Daycare Centers	حضانات عامة
מעבדות מדע בתיכוני הפריפריה	Science Labs in Periphery High Schools	مختبرات علوم في ثانويات الأطراف
קמפוס אקדמי בנגב	Academic Campus in the Negev	حرم أكاديمي في النقب
מכללה להכשרת מורים	Teacher Training College	كلية لتأهيل المعلمين
מטבחים לארוחה חמה בבתי ספר	School Kitchens for Hot Meals	مطابخ لوجبة ساخنة في المدارس
בתי ספר טכנולוגיים	Technology Schools	مدارس تكنولوجية
בתי ספר לאמנויות	Arts Schools	مدارس للفنون
צי הסעות תלמידים	Student Transport Fleet	أسطول مواصلات الطلاب
יועצים ופסיכולוגים בבתי ספר	School Counselors and Psychologists	مستشارون وأخصائيون نفسيون في المدارس
תוכנית הקריאה הלאומית	National Reading Program	برنامج القراءة الوطني
בתי ספר ביישובים המתרחבים	Schools in Growing Settlements	مدارس في البلدات المتوسعة
מרכזי ליבה לחינוך החרדי	Core Studies Centers for Haredi Education	مراكز المواد الأساسية للتعليم الحريدي
תוכנית אנגלית מדוברת	Spoken English Program	برنامج الإنجليزية المحكية
נתיבי תחבורה ציבורית בגוש דן	Bus Lanes in Gush Dan	مسارات حافلات في غوش دان
רכבת קלה בחיפה	Light Rail in Haifa	قطار خفيف في حيفا
רכבת קלה בבאר שבע	Light Rail in Beersheba	قطار خفيف في بئر السبع
חניונים ליד תחנות הרכבת	Park-and-Ride Lots at Train Stations	مواقف سيارات قرب محطات القطار
רשת שבילי אופניים ארצית	National Bike Lane Network	شبكة مسارات دراجات قطرية
צי אוטובוסים חשמליים	Electric Bus Fleet	أسطول حافلات كهربائية
שדרוג 200 צמתים מסוכנים	Upgrading 200 Dangerous Junctions	تحديث 200 تقاطع خطير
הרחבת כביש 65	Widening Route 65	توسيع الطريق 65
שדה תעופה בינלאומי בנגב	International Airport in the Negev	مطار دولي في النقب
שדרוג נמל אילת	Eilat Port Upgrade	تحديث ميناء إيلات
קווי אוטובוס ביישובים הערביים	Bus Lines in Arab Towns	خطوط حافلات في البلدات العربية
כרטיס תחבורה אחד לכל הארץ	One Transit Card for the Whole Country	بطاقة مواصلات واحدة لكل البلاد
הכפלת מסילה בשרון	Double Track in the Sharon	مسار مزدوج في الشارون
נמל יבש בעמק	Dry Port in the Valley	ميناء جاف في المرج
מחלפים בכביש 60	Interchanges on Route 60	تقاطعات على الطريق 60
פארק תעשייה בגליל	Industrial Park in the Galilee	مجمع صناعي في الجليل
אזור תעשייה משותף בנגב	Shared Industrial Zone in the Negev	منطقة صناعية مشتركة في النقب
מרכז רישוי עסקים מקוון	Online Business Licensing Center	مركز ترخيص الأعمال الإلكتروني
קרן אוטומציה לתעשייה	Industry Automation Fund	صندوق الأتمتة للصناعة
רשות הגנת הצרכן המחוזקת	Strengthened Consumer Protection Authority	هيئة حماية المستهلك المعززة
מרכז ייצוא לאומי	National Export Center	مركز التصدير الوطني
מרכזי הכשרה לתעשייה	Industry Training Centers	مراكز تأهيل للصناعة
קרן הון סיכון ממשלתית	Government Venture Fund	صندوق رأس مال مخاطر حكومي
מרכז יזמות נשים	Women's Entrepreneurship Center	مركز ريادة الأعمال النسائية
מרכז תעסוקה לחרדים	Haredi Employment Center	مركز تشغيل للحريديم
אזור תעשייה היי-טק בשרון	High-Tech Industrial Zone in the Sharon	منطقة صناعية للتكنولوجيا العالية في الشارون
מרכז לוגיסטי למסחר מקוון	Logistics Hub for Online Commerce	مركز لوجستي للتجارة الإلكترونية
פארק תעשייה ירוקה	Green Industry Park	مجمع صناعة خضراء
אזור סחר חופשי מורחב באילת	Expanded Free Trade Zone in Eilat	منطقة تجارة حرة موسعة في إيلات
מרכזי תעסוקה בחברה הערבית	Employment Centers in Arab Society	مراكز تشغيل في المجتمع العربي
50 אלף דירות במרכז	50,000 Homes in the Center	50 ألف شقة في المركز
עיר חדשה בנגב	New City in the Negev	مدينة جديدة في النقب
20 אלף דירות דיור ציבורי	20,000 Public Housing Units	20 ألف وحدة سكن عام
דיור להשכרה ארוכת טווח	Long-Term Rental Housing	سكن للإيجار طويل الأمد
דיור מוגן ציבורי	Public Assisted Living	سكن محمي عام
פינוי-בינוי בחיפה	Urban Renewal in Haifa	إخلاء وبناء في حيفا
דירות קטנות במרכזי ערים	Small Apartments in City Centers	شقق صغيرة في مراكز المدن
בנייה רוויה ביישובים הערביים	High-Density Building in Arab Towns	بناء مكثف في البلدات العربية
שכונות חדשות לציבור החרדי	New Neighborhoods for the Haredi Public	أحياء جديدة للجمهور الحريدي
מעונות סטודנטים לאומיים	National Student Dorms	مساكن طلابية وطنية
מפעל בנייה מתועשת	Industrialized Construction Plant	مصنع بناء صناعي
הרחבת היישובים ביהודה ושומרון	Settlement Expansion in Judea and Samaria	توسيع البلدات في يهودا والسامرة
גינות ומבני ציבור בשכונות חדשות	Parks and Public Buildings in New Neighborhoods	حدائق ومبانٍ عامة في الأحياء الجديدة
מגדלי מגורים ליד תחנות המטרו	Residential Towers Near Metro Stations	أبراج سكنية قرب محطات المترو
שכונה חדשה באילת	New Neighborhood in Eilat	حي جديد في إيلات
שדה סולארי ענק בנגב	Giant Solar Field in the Negev	حقل شمسي ضخم في النقب
מתקני אגירת אנרגיה	Energy Storage Facilities	منشآت تخزين الطاقة
מתקן התפלה חדש	New Desalination Plant	محطة تحلية جديدة
שדרוג רשת החשמל בצפון	Northern Power Grid Upgrade	تحديث شبكة الكهرباء في الشمال
חוות רוח בגולן	Wind Farm in the Golan	مزرعة رياح في الجولان
רשת עמדות טעינה ארצית	National EV Charging Network	شبكة شحن قطرية للسيارات الكهربائية
החלפת צנרת מים בפריפריה	Water Pipe Replacement in the Periphery	استبدال أنابيب المياه في الأطراف
תחנת כוח בגז בחיפה	Gas Power Plant in Haifa	محطة طاقة بالغاز في حيفا
סגירת יחידות הפחם	Closing the Coal Units	إغلاق وحدات الفحم
כבל חשמל תת-ימי לאירופה	Undersea Power Cable to Europe	كابل كهرباء بحري إلى أوروبا
שיקום מערכות ביוב בצפון	Sewage System Rehabilitation in the North	إعادة تأهيل شبكات الصرف في الشمال
מונים חכמים לכל בית	Smart Meters for Every Home	عدادات ذكية لكل بيت
גיבוי חשמל לבתי חולים ומקלטים	Backup Power for Hospitals and Shelters	طاقة احتياطية للمستشفيات والملاجئ
חיבור יישובים מרוחקים לחשמל	Connecting Remote Communities to Power	ربط البلدات النائية بالكهرباء
מתקן אנרגיה מפסולת	Waste-to-Energy Plant	منشأة طاقة من النفايات
מרכזי לינה ודיור ראשון לחסרי בית	Shelters and Housing First for the Homeless	مراكز مبيت وسكن أولي للمشردين
מרכזי יום לקשישים בפריפריה	Senior Day Centers in the Periphery	مراكز نهارية للمسنين في الأطراف
בתים לבוגרי פנימיות	Homes for Care Leavers	بيوت لخريجي المؤسسات الداخلية
מקלטים לנשים מוכות בכל מחוז	Shelters for Battered Women in Every District	ملاجئ للنساء المعنفات في كل منطقة
דיור בקהילה לאנשים עם מוגבלות	Community Housing for People with Disabilities	سكن مجتمعي لذوي الإعاقة
מרכזי מזון קהילתיים	Community Food Centers	مراكز غذاء مجتمعية
מכללה לעובדים סוציאליים	Social Workers College	كلية للعاملين الاجتماعيين
מרכזי גמילה ושיקום	Rehab and Recovery Centers	مراكز علاج وتأهيل
מרכזי רווחה בשכונות החרדיות	Welfare Centers in Haredi Neighborhoods	مراكز رفاه في الأحياء الحريدية
מערכת מיצוי זכויות אוטומטית	Automatic Benefits System	نظام الحصول التلقائي على الحقوق
מרכזי הגנה לילדים בסיכון	Protection Centers for Children at Risk	مراكز حماية للأطفال المعرضين للخطر
מרכזי תמיכה לנפגעי טרור	Support Centers for Terror Victims	مراكز دعم لضحايا الإرهاب
מערך סיעוד ביתי ארצי	National Home Care Network	شبكة رعاية منزلية قطرية
מרכזי רווחה ביישובים הבדואיים	Welfare Centers in Bedouin Towns	مراكز رفاه في البلدات البدوية
מרכזי יציאה מעוני לתעסוקה	Poverty-to-Work Centers	مراكز الخروج من الفقر إلى العمل
מתקן מחזור לאומי	National Recycling Plant	منشأة إعادة تدوير وطنية
ניקוי האוויר במפרץ חיפה	Haifa Bay Air Cleanup	تنظيف الهواء في خليج حيفا
שיקום החופים	Beach Restoration	إعادة تأهيل الشواطئ
מיליון עצים בערים	A Million Trees in Cities	مليون شجرة في المدن
שיקום נחלי הצפון	Northern Streams Restoration	إعادة تأهيل جداول الشمال
סגירת מטמנות והקמת מתקני טיפול	Closing Landfills and Building Treatment Plants	إغلاق المكبات وإنشاء منشآت معالجة
שמורות טבע חדשות	New Nature Reserves	محميات طبيعية جديدة
העתקת מפעלים מסוכנים מאזורי מגורים	Moving Hazardous Plants Away from Homes	نقل المصانع الخطرة بعيدًا عن المساكن
שמורות ימיות	Marine Reserves	محميات بحرية
מערך ניטור אוויר ארצי	National Air Monitoring Network	شبكة رصد الهواء القطرية
ניהול יערות ומניעת שריפות	Forest Management and Fire Prevention	إدارة الغابات ومنع الحرائق
ניקוז ומניעת הצפות בערים	Urban Drainage and Flood Prevention	تصريف ومنع الفيضانات في المدن
הרחבת מערך הפיקדון	Expanded Deposit System	توسيع منظومة الوديعة
תוכנית למגוון ביולוגי	Biodiversity Program	برنامج التنوع البيولوجي
מרכזי קירור לגלי חום	Cooling Centers for Heatwaves	مراكز تبريد لموجات الحر
מאגרי מים לחקלאות בנגב	Agricultural Reservoirs in the Negev	خزانات مياه زراعية في النقب
מרכז מחקר חקלאי בגליל	Agricultural Research Center in the Galilee	مركز بحث زراعي في الجليل
מלאי מזון לאומי לחירום	National Emergency Food Stockpile	مخزون غذاء وطني للطوارئ
מרכז מיכון ורובוטיקה חקלאית	Agricultural Machinery and Robotics Center	مركز المكننة والروبوتات الزراعية
חוות דגים במדבר	Desert Fish Farms	مزارع أسماك في الصحراء
הרחבת החקלאות בערבה	Expanding Arava Agriculture	توسيع الزراعة في وادي عربة
שווקי איכרים בערים	Farmers' Markets in Cities	أسواق المزارعين في المدن
מרכז הכשרה לחקלאים ערבים ובדואים	Training Center for Arab and Bedouin Farmers	مركز تأهيل للمزارعين العرب والبدو
מערך שמירה על השטחים החקלאיים	Farmland Security Network	شبكة حماية الأراضي الزراعية
מאגר זנים עמידים לחום	Heat-Resistant Varieties Bank	بنك أصناف مقاومة للحر
שדרוג מחלבות ורפתות	Dairy Farms Upgrade	تحديث مزارع الألبان
מרכז לוגיסטי לייצוא חקלאי	Logistics Hub for Agricultural Exports	مركز لوجستي للصادرات الزراعية
דיור לצעירים במושבים	Youth Housing in Moshavim	سكن للشباب في الموشافيم
מרכז חקלאות אורגנית	Organic Farming Center	مركز الزراعة العضوية
תוכנית הצלת הדבורים	Bee Rescue Program	برنامج إنقاذ النحل
סיבים אופטיים לכל יישוב	Fiber to Every Community	ألياف ضوئية لكل بلدة
רשת דור חמישי ארצית	National 5G Network	شبكة جيل خامس قطرية
אינטרנט לווייני לפריפריה	Satellite Internet for the Periphery	إنترنت عبر الأقمار الصناعية للأطراف
שדרוג סניפי הדואר	Post Office Upgrade	تحديث فروع البريد
שרידות רשתות התקשורת בחירום	Emergency Network Survivability	صمود شبكات الاتصال في الطوارئ
ערוץ בינלאומי באנגלית ובערבית	International Channel in English and Arabic	قناة دولية بالإنجليزية والعربية
קרן תוכן מקומי	Local Content Fund	صندوق المحتوى المحلي
קרן עיתונות מקומית	Local Journalism Fund	صندوق الصحافة المحلية
מערך הגנה על ילדים ברשת	Children's Online Protection System	منظومة حماية الأطفال على الإنترنت
תוכנית אוריינות דיגיטלית	Digital Literacy Program	برنامج محو الأمية الرقمية
מערכת התרעה לכל טלפון	Alert System for Every Phone	نظام إنذار لكل هاتف
רשות תקשורת אחת	Single Communications Authority	هيئة اتصالات واحدة
שידורים בערבית, ברוסית ובאמהרית	Broadcasts in Arabic, Russian and Amharic	بث بالعربية والروسية والأمهرية
מערך הגנת מידע אישי	Personal Data Protection System	منظومة حماية البيانات الشخصية
מערכת ניוד מספרים מיידית	Instant Number Porting System	نظام نقل الأرقام الفوري
אצטדיון לאומי בבאר שבע	National Stadium in Beersheba	ملعب وطني في بئر السبع
היכל תרבות בגליל	Culture Hall in the Galilee	قصر الثقافة في الجليل
בריכות ציבוריות בכל עיר	Public Pools in Every City	مسابح عامة في كل مدينة
שדרוג המוזיאונים הלאומיים	National Museums Upgrade	تحديث المتاحف الوطنية
מגרשי ספורט בכל שכונה	Sports Fields in Every Neighborhood	ملاعب رياضية في كل حي
שדרוג הספריות הציבוריות	Public Libraries Upgrade	تحديث المكتبات العامة
אולפני קולנוע לאומיים	National Film Studios	استوديوهات سينما وطنية
מרכז אימון אולימפי	Olympic Training Center	مركز تدريب أولمبي
מרכזי תרבות ביישובים הערביים	Culture Centers in Arab Towns	مراكز ثقافية في البلدات العربية
פסטיבלים בפריפריה	Festivals in the Periphery	مهرجانات في الأطراف
בית התזמורת בחיפה	Orchestra House in Haifa	بيت الأوركسترا في حيفا
בתי ספר לאמנויות ולמוזיקה	Arts and Music Schools	مدارس للفنون والموسيقى
מתקני ספורט לגיל השלישי	Sports Facilities for Seniors	منشآت رياضية لكبار السن
מרכז ספורט אלקטרוני	Esports Center	مركز الرياضات الإلكترونية
מרכז תרבות יהודית	Jewish Culture Center	مركز الثقافة اليهودية
שדרוג מלונות אילת	Eilat Hotels Upgrade	تحديث فنادق إيلات
שדרוג החופים לתיירות	Beach Upgrade for Tourism	تحديث الشواطئ للسياحة
פיתוח אתרי העיר העתיקה	Old City Sites Development	تطوير مواقع البلدة القديمة
שבילי טיול לאומיים	National Hiking Trails	مسارات مشي وطنية
מרכז כנסים בינלאומי	International Convention Center	مركز مؤتمرات دولي
מלונות מרפא בים המלח	Spa Hotels at the Dead Sea	فنادق علاجية في البحر الميت
פיתוח תיירות בנצרת	Tourism Development in Nazareth	تطوير السياحة في الناصرة
תיירות מדבר בנגב	Desert Tourism in the Negev	سياحة صحراوية في النقب
אפליקציית תיירות לאומית	National Tourism App	تطبيق السياحة الوطني
מרכזי מידע לתיירים	Tourist Information Centers	مراكز معلومات للسياح
דרך היין בגליל	The Galilee Wine Route	طريق النبيذ في الجليل
קווי תיירות לאטרקציות	Tourist Lines to Attractions	خطوط سياحية إلى المعالم
כפרי נופש בצפון	Holiday Villages in the North	قرى سياحية في الشمال
הנגשת אתרי תיירות	Accessible Tourist Sites	إتاحة المواقع السياحية
טרמינל טיסות זולות באילת	Low-Cost Flights Terminal in Eilat	محطة الرحلات منخفضة التكلفة في إيلات
מעונות יום בכל שכונה	Daycare in Every Neighborhood	حضانات في كل حي
מכללות מקצועיות אזוריות	Regional Vocational Colleges	كليات مهنية إقليمية
שדרוג לשכות התעסוקה	Employment Offices Upgrade	تحديث مكاتب التشغيل
מרכזי הכשרה לגברים חרדים	Training Centers for Haredi Men	مراكز تأهيل للرجال الحريديم
מרכזי תעסוקה לנשים ערביות	Employment Centers for Arab Women	مراكز تشغيل للنساء العربيات
מרכז הסבה מקצועית לעידן הבינה המלאכותית	Retraining Center for the AI Era	مركز إعادة تأهيل لعصر الذكاء الاصطناعي
מערך פיקוח על בטיחות בעבודה	Workplace Safety Inspection System	منظومة تفتيش السلامة في العمل
מרכזי תעסוקה לאנשים עם מוגבלות	Employment Centers for People with Disabilities	مراكز تشغيل لذوي الإعاقة
מרכזי תעסוקה בפריפריה	Employment Centers in the Periphery	مراكز تشغيل في الأطراف
תוכנית התמחויות בשכר	Paid Internships Program	برنامج التدريب المدفوع
קרן ביטוח לעובדי פלטפורמות	Insurance Fund for Platform Workers	صندوق تأمين لعمال المنصات
מרכזי תעסוקה לגיל השלישי	Employment Centers for Seniors	مراكز تشغيل لكبار السن
מרכז קליטה לעובדים זרים	Foreign Workers Reception Center	مركز استقبال العمال الأجانب
מרכזי עבודה משותפים	Coworking Centers	مراكز عمل مشتركة
מרכז הכרה מקצועית לעולים	Professional Recognition Center for Olim	مركز الاعتراف المهني للمهاجرين
שיפוץ בתי כנסת ברחבי הארץ	Synagogue Renovation Nationwide	ترميم الكنس في أنحاء البلاد
מקוואות חדשים ביישובים	New Mikvaot in Communities	مغاطس طقسية جديدة في البلدات
בתי עלמין אזרחיים	Civil Cemeteries	مقابر مدنية
שיפוץ מסגדים וכנסיות	Mosque and Church Renovation	ترميم المساجد والكنائس
שדרוג המועצות הדתיות	Religious Councils Upgrade	تحديث المجالس الدينية
תחזוקת בתי העלמין	Cemetery Maintenance	صيانة المقابر
רחבת תפילה לכל הזרמים בכותל	Prayer Plaza for All Streams at the Western Wall	ساحة صلاة لجميع التيارات عند الحائط الغربي
אתרי קברי צדיקים מונגשים	Accessible Holy Tomb Sites	مواقع قبور الصديقين المتاحة
בתי דין לגיור חדשים	New Conversion Courts	محاكم تهويد جديدة
מסלול רישום זוגיות אזרחי	Civil Union Registration Track	مسار تسجيل الاتحاد المدني
רשות פיקוח על הכשרות	Kashrut Oversight Authority	هيئة الرقابة على الكشروت
מרכז לימוד יהדות לציבור הרחב	Jewish Studies Center for the Public	مركز دراسات يهودية لعامة الجمهور
מערך רבנות לחיילים ולמשפחות	Rabbinate Network for Soldiers and Families	شبكة حاخامية للجنود والعائلات
שירותי דת בשכונות החדשות	Religious Services in New Neighborhoods	خدمات دينية في الأحياء الجديدة
מרכז סיוע לעגונות ומסורבות גט	Support Center for Women Refused a Divorce	مركز دعم للنساء الممنوعات من الطلاق
קו ירוק של הרכבת הקלה בירושלים	Jerusalem Light Rail Green Line	الخط الأخضر للقطار الخفيف في القدس
רובע החדשנות בירושלים	Jerusalem Innovation District	حي الابتكار في القدس
20 אלף דירות בירושלים	20,000 Homes in Jerusalem	20 ألف شقة في القدس
בתי ספר במזרח ירושלים	Schools in East Jerusalem	مدارس في القدس الشرقية
שימור ופיתוח העיר העתיקה	Old City Preservation and Development	الحفاظ على البلدة القديمة وتطويرها
מעונות סטודנטים בירושלים	Student Dorms in Jerusalem	مساكن طلابية في القدس
קריית הממשלה המורחבת	Expanded Government Campus	المجمع الحكومي الموسع
פארק המסילה המורחב	Expanded Railway Park	حديقة السكة الموسعة
כבישים ותשתיות במזרח העיר	Roads and Infrastructure in the East of the City	طرق وبنية تحتية في شرق المدينة
מלונות חדשים בירושלים	New Hotels in Jerusalem	فنادق جديدة في القدس
מרכז תרבות ואירועים	Culture and Events Center	مركز الثقافة والفعاليات
מערך מצלמות ואבטחה בירושלים	Camera and Security Network in Jerusalem	شبكة كاميرات وأمن في القدس
מוזיאון המורשת הלאומי	National Heritage Museum	متحف التراث الوطني
שכונה חרדית חדשה בירושלים	New Haredi Neighborhood in Jerusalem	حي حريدي جديد في القدس
מרכזים משותפים לכל תושבי העיר	Shared Centers for All City Residents	مراكز مشتركة لجميع سكان المدينة
חפירות וגן לאומי בעיר דוד	Excavations and National Park at the City of David	حفريات وحديقة وطنية في مدينة داود
שימור מבנים היסטוריים בתל אביב	Historic Buildings Preservation in Tel Aviv	الحفاظ على المباني التاريخية في تل أبيب
דיגיטציה של הארכיונים הלאומיים	National Archives Digitization	رقمنة الأرشيفات الوطنية
מרכז תיעוד עדויות ניצולים	Survivor Testimonies Documentation Center	مركز توثيق شهادات الناجين
אתרי מורשת ציונית בגליל	Zionist Heritage Sites in the Galilee	مواقع التراث الصهيوني في الجليل
שחזור בתי כנסת עתיקים	Ancient Synagogues Restoration	ترميم الكنس القديمة
אתרי הנצחה לקרבות הדרום	Memorial Sites for the Southern Battles	مواقع تخليد لمعارك الجنوب
מוזיאון תולדות העם	Museum of the People's History	متحف تاريخ الشعب
מרכז מורשת קהילות ישראל	Jewish Communities Heritage Center	مركز تراث الطوائف اليهودية
שימור מורשת ערבית ודרוזית	Arab and Druze Heritage Preservation	الحفاظ على التراث العربي والدرزي
הכשרת מדריכי מורשת	Heritage Guides Training	تأهيل مرشدي التراث
מפת מורשת דיגיטלית	Digital Heritage Map	خريطة التراث الرقمية
מרכז הנצחה לאומי ל-7 באוקטובר	National October 7 Memorial Center	مركز تخليد وطني لأحداث 7 أكتوبر
שימור אתרים ארכיאולוגיים בשומרון	Archaeological Sites Preservation in Samaria	الحفاظ على المواقع الأثرية في السامرة
ספריית כתבי היד העבריים	Hebrew Manuscripts Library	مكتبة المخطوطات العبرية
תוכנית נגב 2035	Negev 2035 Plan	خطة النقب 2035
תוכנית גליל 2035	Galilee 2035 Plan	خطة الجليل 2035
אוניברסיטת הגליל	Galilee University	جامعة الجليل
מרכז רפואי חדש בנגב	New Medical Center in the Negev	مركز طبي جديد في النقب
פארק הייטק בבאר שבע	High-Tech Park in Beersheba	مجمع تكنولوجيا عالية في بئر السبع
פארק תעשייה בקריית שמונה	Industrial Park in Kiryat Shmona	مجمع صناعي في كريات شمونة
שיקום יישובי קו העימות בצפון	Northern Frontline Communities Rebuilding	إعادة إعمار بلدات خط المواجهة في الشمال
שיקום יישובי עוטף עזה	Gaza Envelope Communities Rebuilding	إعادة إعمار بلدات غلاف غزة
תשתיות ליישובים הבדואיים המוכרים	Infrastructure for Recognized Bedouin Towns	بنية تحتية للبلدات البدوية المعترف بها
שדות סולאריים קהילתיים בנגב	Community Solar Fields in the Negev	حقول شمسية مجتمعية في النقب
פיתוח תיירות בגליל	Tourism Development in the Galilee	تطوير السياحة في الجليل
יישובים חדשים בנגב	New Communities in the Negev	بلدات جديدة في النقب
מרכזי שותפות יהודית-ערבית בגליל	Jewish-Arab Partnership Centers in the Galilee	مراكز شراكة يهودية عربية في الجليل
העברת מטות ממשלתיים לנגב	Moving Government Headquarters to the Negev	نقل مقرات حكومية إلى النقب
תוכנית מורים מצוינים לנגב ולגליל	Excellent Teachers Program for the Negev and Galilee	برنامج المعلمين المتميزين للنقب والجليل
דירות להשכרה מסובסדת לעולים	Subsidized Rental Housing for Olim	شقق إيجار مدعومة للمهاجرين
רשת אולפנים חדשה	New Ulpan Network	شبكة أولبان جديدة
מרכזי קליטה אזוריים	Regional Absorption Centers	مراكز استيعاب إقليمية
מרכז הכרה מקצועית לרופאים עולים	Professional Recognition Center for Immigrant Doctors	مركز الاعتراف المهني للأطباء المهاجرين
דיור מוגן לעולים קשישים	Assisted Living for Elderly Olim	سكن محمي للمهاجرين المسنين
מרכזי מצוינות ליוצאי אתיופיה	Excellence Centers for Ethiopian Israelis	مراكز تميز ليهود إثيوبيا
מרכז יזמות לעולים	Entrepreneurship Center for Olim	مركز ريادة أعمال للمهاجرين
בתים לחיילים בודדים	Homes for Lone Soldiers	بيوت للجنود الوحيدين
מערכת עלייה דיגיטלית	Digital Aliyah System	نظام الهجرة الرقمي
קהילות עולים בנגב	Olim Communities in the Negev	مجتمعات مهاجرين في النقب
קהילות עולים בגליל	Olim Communities in the Galilee	مجتمعات مهاجرين في الجليل
תוכנית נוער עולה	Immigrant Youth Program	برنامج الشباب المهاجرين
נציבות קליטה	Absorption Ombudsman	مفوضية الاستيعاب
תיאטרון ותרבות בשפות העולים	Theater and Culture in Immigrant Languages	مسرح وثقافة بلغات المهاجرين
מרכז שליחי עלייה בעולם	Aliyah Emissaries Center Abroad	مركز مبعوثي الهجرة في العالم
מחשב-על לאומי לבינה מלאכותית	National AI Supercomputer	حاسوب فائق وطني للذكاء الاصطناعي
מרכז שיגור לוויינים	Satellite Launch Center	مركز إطلاق الأقمار الصناعية
פארק ביוטכנולוגיה	Biotechnology Park	مجمع التكنولوجيا الحيوية
מרכז מחשוב קוונטי לאומי	National Quantum Computing Center	مركز وطني للحوسبة الكمومية
מעבדות לאומיות פתוחות	Open National Laboratories	مختبرات وطنية مفتوحة
מרכזי מדע ורובוטיקה לנוער	Youth Science and Robotics Centers	مراكز علوم وروبوتات للشباب
מרכזי פיתוח הייטק בפריפריה	High-Tech Development Centers in the Periphery	مراكز تطوير التكنولوجيا العالية في الأطراف
מפעל שבבים לאומי	National Chip Factory	مصنع رقائق وطني
מרכזי הכשרה להייטק לכל האוכלוסיות	Tech Training Centers for All Communities	مراكز تأهيل للتكنولوجيا لجميع الفئات
מרכז טכנולוגיות אקלים	Climate Technologies Center	مركز تقنيات المناخ
מאגר הנתונים הפתוח הלאומי	National Open Data Repository	قاعدة البيانات المفتوحة الوطنية
תוכנית החזרת מדענים	Returning Scientists Program	برنامج إعادة العلماء
מצפה כוכבים לאומי	National Observatory	مرصد وطني
מלגות דוקטורט לאומיות	National PhD Scholarships	منح دكتوراه وطنية
מועצת המדע הלאומית	National Science Council	المجلس الوطني للعلوم
אזור תעשייה משותף עם ירדן	Joint Industrial Zone with Jordan	منطقة صناعية مشتركة مع الأردن
מתקן התפלה משותף לאזור	Joint Regional Desalination Plant	محطة تحلية مشتركة للمنطقة
חיבור חשמל למדינות השכנות	Power Link to Neighboring Countries	ربط كهربائي مع الدول المجاورة
מסילת הרכבת לירדן ולמפרץ	Railway to Jordan and the Gulf	سكة حديد إلى الأردن والخليج
שדרוג מעברי הגבול	Border Crossings Upgrade	تحديث المعابر الحدودية
אוניברסיטה אזורית	Regional University	جامعة إقليمية
מרכז רפואי אזורי	Regional Medical Center	مركز طبي إقليمي
מרכז חקלאות אזורי	Regional Agriculture Center	مركز الزراعة الإقليمي
מסלול תיירות אזורי אילת-עקבה	Eilat-Aqaba Regional Tourism Route	مسار سياحي إقليمي إيلات-العقبة
מרכז חדשנות משותף עם המפרץ	Joint Innovation Center with the Gulf	مركز ابتكار مشترك مع الخليج
מכון לדיאלוג אזורי	Regional Dialogue Institute	معهد الحوار الإقليمي
מסוף סחר למסדרון הכלכלי	Trade Terminal for the Economic Corridor	محطة تجارية للممر الاقتصادي
מרכז אקלים אזורי	Regional Climate Center	مركز المناخ الإقليمي
קרן השקעות אזורית	Regional Investment Fund	صندوق الاستثمار الإقليمي
מרכז שגרירי שלום ערבים	Arab Peace Ambassadors Center	مركز سفراء السلام العرب
10 אלף יחידות דיור ביהודה ושומרון	10,000 Housing Units in Judea and Samaria	10 آلاف وحدة سكنية في يهودا والسامرة
שדרוג כבישי יהודה ושומרון	Judea and Samaria Roads Upgrade	تحديث طرق يهودا والسامرة
מיגון וגדרות חכמות ליישובים	Fortification and Smart Fences for Settlements	تحصين وأسوار ذكية للبلدات
בתי ספר וגנים ביישובים	Schools and Kindergartens in Settlements	مدارس وروضات في البلدات
חיבור יישובים לרשת המים הארצית	Connecting Settlements to the National Water Network	ربط البلدات بشبكة المياه القطرية
אזור תעשייה בבקעת הירדן	Industrial Zone in the Jordan Valley	منطقة صناعية في غور الأردن
מרפאות ומוקדי חירום ביישובים	Clinics and Emergency Centers in Settlements	عيادات ومراكز طوارئ في البلدات
הרחבת אוניברסיטת אריאל	Ariel University Expansion	توسيع جامعة أريئيل
יישובים קהילתיים חדשים בנגב	New Community Settlements in the Negev	بلدات جديدة في النقب
יישובים חדשים בגליל	New Settlements in the Galilee	بلدات جديدة في الجليل
חוות חקלאיות לשמירת שטחים	Agricultural Farms for Land Preservation	مزارع زراعية لحماية الأراضي
אוטובוסים ממוגנים ליישובים	Armored Buses for Settlements	حافلات محصنة للبلدات
גרעינים משימתיים בערי פיתוח	Mission Groups in Development Towns	نوى رسالية في بلدات التطوير
כיסוי סלולרי ואינטרנט ביישובים	Mobile Coverage and Internet in Settlements	تغطية خلوية وإنترنت في البلدات
הרחבת מעלה אדומים	Ma'ale Adumim Expansion	توسيع معاليه أدوميم
מרכז תגלית מורחב	Expanded Birthright Center	مركز تغليت الموسع
קרן אבטחה לקהילות בעולם	Security Fund for Communities Abroad	صندوق أمن للجاليات في العالم
מכללה לשליחי חינוך	College for Education Emissaries	كلية مبعوثي التعليم
פלטפורמה דיגיטלית לתפוצות	Digital Platform for the Diaspora	منصة رقمية للشتات
בית התפוצות המחודש	Renewed Diaspora House	بيت الشتات المجدد
תוכנית שנת שירות לצעירי התפוצות	Service Year Program for Diaspora Youth	برنامج سنة الخدمة لشباب الشتات
מערך הסברה בקמפוסים	Campus Advocacy Network	شبكة الدبلوماسية في الجامعات
רשת בתי ספר יהודיים בעולם	Jewish Schools Network Abroad	شبكة المدارس اليهودية في العالم
תאומות ערים עם קהילות בעולם	City Twinning with Communities Abroad	توأمة مدن مع جاليات في العالم
גשרי תרבות לתפוצות	Cultural Bridges to the Diaspora	جسور ثقافية للشتات
מכון להכשרת רבנים לקהילות	Institute for Training Community Rabbis	معهد لتأهيل حاخامات الجاليات
מרכז תמיכה לסטודנטים יהודים בחו״ל	Support Center for Jewish Students Abroad	مركز دعم للطلاب اليهود في الخارج
מרכז חילוץ וסיוע לקהילות בסיכון	Rescue and Aid Center for Communities at Risk	مركز إنقاذ ومساعدة للجاليات المعرضة للخطر
רשת עסקית יהודית עולמית	Global Jewish Business Network	شبكة أعمال يهودية عالمية
מרכז אמנה עם יהדות העולם	Covenant Center with World Jewry	مركز ميثاق مع يهود العالم
מקלטים לנשים בכל מחוז	Women's Shelters in Every District	ملاجئ للنساء في كل منطقة
תוכנית שיקום שכונות	Neighborhood Renewal Program	برنامج ترميم الأحياء
מרכזי חיים עצמאיים לאנשים עם מוגבלות	Independent Living Centers for People with Disabilities	مراكز الحياة المستقلة لذوي الإعاقة
מרכז לקידום נשים בהנהלה	Center for Advancing Women in Management	مركز لتعزيز النساء في الإدارة
מרכזי תעסוקה לנשים חרדיות	Employment Centers for Haredi Women	مراكز تشغيل للنساء الحريديات
תוכנית שוויון אזרחי ביישובים הערביים	Civic Equality Program in Arab Towns	برنامج المساواة المدنية في البلدات العربية
מכינות ומלגות לדור ראשון להשכלה	Prep Programs and Scholarships for First-Generation Students	برامج تحضيرية ومنح لطلاب الجيل الأول
מרכז זכויות האזרח הוותיק	Senior Citizens' Rights Center	مركز حقوق المواطن المسن
נציבות שוויון הזדמנויות	Equal Opportunity Commission	مفوضية تكافؤ الفرص
מרכז קהילתי לקהילה הגאה	LGBTQ Community Center	مركز مجتمعي لمجتمع الميم
נציבות למאבק בגזענות	Anti-Racism Commission	مفوضية مكافحة العنصرية
מרכזי הורות שוויונית	Equal Parenting Centers	مراكز الأبوة المتساوية
תוכנית מניעת נשירה לבנות	Girls Dropout Prevention Program	برنامج منع تسرب الفتيات
מרכז בריאות האישה	Women's Health Center	مركز صحة المرأة
יחידת תקצוב מגדרי	Gender Budgeting Unit	وحدة الميزانية المراعية للنوع الاجتماعي
לווייני ביון חדשים	New Intelligence Satellites	أقمار استخباراتية جديدة
מערכת בינה מלאכותית לניתוח מודיעין	AI System for Intelligence Analysis	نظام ذكاء اصطناعي لتحليل الاستخبارات
מערך התרעה מוקדמת בצפון	Early Warning Network in the North	شبكة إنذار مبكر في الشمال
מערך התרעה מוקדמת בדרום	Early Warning Network in the South	شبكة إنذار مبكر في الجنوب
מטה מתאם לקהילת המודיעין	Coordinating HQ for the Intelligence Community	مقر تنسيق لمجتمع الاستخبارات
רשת ממשלתית מאובטחת	Secure Government Network	شبكة حكومية آمنة
מכללה ללימודי מודיעין ושפות	College for Intelligence and Language Studies	كلية لدراسات الاستخبارات واللغات
מרכז הכשרת סייבר למודיעין	Cyber Training Center for Intelligence	مركز تدريب سيبراني للاستخبارات
יחידת מודיעין כלכלי	Financial Intelligence Unit	وحدة الاستخبارات المالية
מערך מודיעין נגד	Counterintelligence Network	منظومة مكافحة التجسس
מכון להערכות אסטרטגיות	Institute for Strategic Assessments	معهد التقييمات الاستراتيجية
מבקר קהילת המודיעין	Intelligence Community Auditor	مراقب مجتمع الاستخبارات
ארכיון מודיעיני פתוח	Open Intelligence Archive	أرشيف استخباراتي مفتوح
מרכז שיתוף מודיעין עם בעלות ברית	Intelligence Sharing Center with Allies	مركز تبادل المعلومات الاستخباراتية مع الحلفاء
מרכז ליווי ליוצאי קהילת המודיעין	Support Center for Intelligence Veterans	مركز مرافقة لقدامى الاستخبارات
מטה לאומי לאיום האיראני	National Iran Threat Headquarters	المقر الوطني للتهديد الإيراني
מערך תודעה לאומי	National Perception Unit	منظومة الوعي الوطنية
מכון לתכנון אסטרטגי	Strategic Planning Institute	معهد التخطيط الاستراتيجي
הגנה על תשתיות קריטיות	Critical Infrastructure Protection	حماية البنى التحتية الحيوية
מכללה אזרחית לביטחון לאומי	Civilian National Security College	كلية مدنية للأمن القومي
קרן טכנולוגיות עליונות	Superiority Technologies Fund	صندوق تقنيات التفوق
ייצור מקומי של רכיבים קריטיים	Local Production of Critical Components	إنتاج محلي للمكونات الحيوية
מלאי אנרגיה אסטרטגי	Strategic Energy Reserve	مخزون طاقة استراتيجي
מרכז ברית אסטרטגית אזורית	Regional Strategic Alliance Center	مركز التحالف الاستراتيجي الإقليمي
תרגילי מלחמה רב-זירתית	Multi-Front War Drills	تدريبات حرب متعددة الجبهات
מקלטים ומערך פינוי לעורף	Shelters and Evacuation System for the Home Front	ملاجئ ومنظومة إخلاء للجبهة الداخلية
מערך לוחמה קוגניטיבית	Cognitive Warfare Unit	منظومة الحرب المعرفية
מערך סינון כניסה בגבולות	Border Entry Screening System	منظومة فحص الدخول على الحدود
מערך משפטי מול תביעות בינלאומיות	Legal Unit Against International Lawsuits	وحدة قانونية لمواجهة الدعاوى الدولية
מועצה לביטחון לאומי מחוזקת	Strengthened National Security Council	مجلس أمن قومي معزز
רכבת מהירה לפריפריה	Fast Train to the Periphery	قطار سريع إلى الأطراف
מוקדי תעסוקה אזוריים	Regional Employment Hubs	مراكز تشغيل إقليمية
קמפוסים אקדמיים בפריפריה	Academic Campuses in the Periphery	حرم أكاديمية في الأطراف
מרפאות לילה בפריפריה	Night Clinics in the Periphery	عيادات مسائية في الأطراف
דיור לצעירים בערי פיתוח	Youth Housing in Development Towns	سكن للشباب في بلدات التطوير
מרכזי עבודה מרחוק בפריפריה	Remote Work Centers in the Periphery	مراكز عمل عن بعد في الأطراف
מתקני ספורט בערי פיתוח	Sports Facilities in Development Towns	منشآت رياضية في بلدات التطوير
העברת יחידות ממשלה לפריפריה	Moving Government Units to the Periphery	نقل وحدات حكومية إلى الأطراف
קווי לילה לפריפריה	Night Bus Lines to the Periphery	خطوط ليلية إلى الأطراف
כיתות קטנות בערי פיתוח	Small Classes in Development Towns	صفوف صغيرة في بلدات التطوير
תחנות אמבולנס ביישובים מרוחקים	Ambulance Stations in Remote Communities	محطات إسعاف في البلدات النائية
התחדשות ערי הפיתוח	Development Towns Renewal	تجديد بلدات التطوير
מרכזי תרבות בפריפריה	Culture Centers in the Periphery	مراكز ثقافية في الأطراف
אזורי סחר חופשי בפריפריה	Free Trade Zones in the Periphery	مناطق تجارة حرة في الأطراف
מרכזי יום לקשישים בערי פיתוח	Senior Day Centers in Development Towns	مراكز نهارية للمسنين في بلدات التطوير
מרכז הגנת סייבר לאומי	National Cyber Defense Center	مركز الدفاع السيبراني الوطني
מערכת ממשל דיגיטלי אחת	Single Digital Government System	نظام حوكمة رقمية موحد
אקדמיה לסייבר בבאר שבע	Cyber Academy in Beersheba	أكاديمية السايبر في بئر السبع
הגנת סייבר לבתי החולים	Cyber Protection for Hospitals	حماية سيبرانية للمستشفيات
הגנת סייבר לתשתיות חשמל ומים	Cyber Protection for Power and Water	حماية سيبرانية للكهرباء والمياه
רשות הגנת המידע	Data Protection Authority	هيئة حماية البيانات
ענן ממשלתי מאובטח	Secure Government Cloud	سحابة حكومية آمنة
הזדהות דיגיטלית מאובטחת	Secure Digital Identity	هوية رقمية آمنة
מוקד 119 לסייבר	119 Cyber Hotline	الخط 119 للسايبر
מגן סייבר לעסקים קטנים	Cyber Shield for Small Businesses	درع سيبراني للأعمال الصغيرة
מרכזי הכשרת סייבר לכל האוכלוסיות	Cyber Training Centers for All Communities	مراكز تدريب سيبراني لجميع الفئات
מערך הגנה על הבחירות	Election Protection System	منظومة حماية الانتخابات
מרכז סייבר פיננסי	Financial Cyber Center	المركز السيبراني المالي
מערך גיבוי והתאוששות דיגיטלי	Digital Backup and Recovery System	منظومة النسخ الاحتياطي والتعافي الرقمي
מרכז אינטרנט בטוח לילדים	Safe Internet Center for Children	مركز الإنترنت الآمن للأطفال
מערך ההסברה הלאומי	National Advocacy Directorate	منظومة الدبلوماسية العامة الوطنية
ערוץ חדשות בינלאומי	International News Channel	قناة أخبار دولية
מרכז עיתונאים זרים	Foreign Press Center	مركز الصحفيين الأجانب
מערכת זיהוי דיסאינפורמציה	Disinformation Detection System	نظام كشف المعلومات المضللة
תוכנית שגרירי סטודנטים	Student Ambassadors Program	برنامج السفراء الطلاب
קמפיין מותג לאומי	National Brand Campaign	حملة العلامة الوطنية
קרן תוכן לעולם	Content Fund for the World	صندوق المحتوى للعالم
מסלולי ביקור למשלחות	Visit Routes for Delegations	مسارات زيارة للوفود
חדר מצב הסברתי 24 שעות	24-Hour Advocacy Situation Room	غرفة عمليات دبلوماسية على مدار الساعة
מרכז הסברה בערבית	Arabic Advocacy Center	مركز الدبلوماسية بالعربية
מערך דוברות צבאית בשפות	Multilingual Military Spokesperson Unit	وحدة ناطقين عسكريين متعددة اللغات
קהילת יוצרי תוכן	Content Creators Community	مجتمع صانعي المحتوى
מרכז מדידת תדמית	Image Measurement Center	مركز قياس الصورة
תוכנית שליחי הסברה	Advocacy Emissaries Program	برنامج مبعوثي الدبلوماسية
מרכז שותפות עם החברה האזרחית	Civil Society Partnership Center	مركز الشراكة مع المجتمع المدني
מרכזי חוסן קהילתיים בצפון	Community Resilience Centers in the North	مراكز المنعة المجتمعية في الشمال
מרכזי חוסן קהילתיים בדרום	Community Resilience Centers in the South	مراكز المنعة المجتمعية في الجنوب
שיקום יישובי קו העימות	Frontline Communities Rebuilding	إعادة إعمار بلدات خط المواجهة
ממ״דים לבניינים ישנים	Safe Rooms for Old Buildings	غرف آمنة للمباني القديمة
רשות החירום הלאומית	National Emergency Authority	هيئة الطوارئ الوطنية
מחסני חירום אזרחיים	Civilian Emergency Depots	مخازن الطوارئ المدنية
גנרטורים ואגירה ליישובים	Generators and Storage for Communities	مولدات وتخزين للبلدات
מערך פינוי אזרחי	Civilian Evacuation System	منظومة الإخلاء المدني
מיגון בתי ספר וגנים	Fortifying Schools and Kindergartens	تحصين المدارس والروضات
קרן ביטוח מלחמה לעסקים	War Insurance Fund for Businesses	صندوق تأمين الحرب للأعمال
מרכז הכשרת מטפלים בטראומה	Trauma Therapists Training Center	مركز تأهيل معالجي الصدمات
מערכת תקשורת לשעת חירום	Emergency Communication System	نظام اتصالات الطوارئ
מרכז למשפחות שכולות ולנפגעים	Center for Bereaved Families and Casualties	مركز للعائلات الثكلى والمصابين
מיגון בתי חולים בצפון	Fortifying Hospitals in the North	تحصين المستشفيات في الشمال
מרכז מתנדבי חירום לאומי	National Emergency Volunteers Center	مركز متطوعي الطوارئ الوطني
