⚔️ שעת חירום	⚔️ State of emergency	⚔️ حالة طوارئ
פעולות שמופיעות רק בזמן מלחמה: מגבילות את החיים האזרחיים כדי להגן על האוכלוסייה	Actions that appear only in wartime: they restrict civilian life to protect the population	إجراءات تظهر في زمن الحرب فقط: تقيّد الحياة المدنية لحماية السكان
שעת חירום.	State of emergency.	حالة طوارئ.
במלחמה נפתחות למשרד פעולות מיוחדות, בלשונית "שעת חירום". כל אחת מחליפה בין ביטחון לחיי היומיום, והן נעלמות כשהמלחמה מסתיימת.	In war, special actions open for the ministry, in the "State of emergency" tab. Each one trades security against daily life, and they disappear when the war ends.	في الحرب تُفتح للوزارة إجراءات خاصة في لسان "حالة طوارئ". كل واحد منها يوازن بين الأمن والحياة اليومية، وتختفي عند انتهاء الحرب.
פעולה זמינה רק בשעת מלחמה	Available only in wartime	إجراء متاح في زمن الحرب فقط
צמצום תחבורה ציבורית לאזורים מסוימים	Reducing public transport to certain areas	تقليص المواصلات العامة إلى مناطق معينة
מצמצם קווי אוטובוס ורכבת לאזורים חשופים ולשעות מסוימות. מקטין את החשיפה וחוסך כסף, אבל פוגע במי שתלוי בתחבורה ציבורית.	Cuts bus and rail lines to exposed areas and certain hours. Reduces exposure and saves money, but hurts those who depend on public transport.	يقلّص خطوط الحافلات والقطارات إلى المناطق المكشوفة وفي ساعات معينة. يقلل التعرض ويوفر مالًا، لكنه يضر من يعتمد على المواصلات العامة.
הקווים יחזרו לפעול כשהמצב הביטחוני יאפשר זאת.	The lines will resume when the security situation allows.	ستعود الخطوط للعمل حين يسمح الوضع الأمني.
מסדרונות תנועה לכוחות ולציוד	Traffic corridors for forces and equipment	ممرات حركة للقوات والمعدات
שמירת נתיבים וצירים לתנועת כוחות, ציוד ואספקה. מזרז את הגיוס אבל מעמיס על האזרחים.	Reserving lanes and routes for the movement of forces, equipment and supplies. Speeds up mobilization but burdens civilians.	حجز مسارات وطرق لحركة القوات والمعدات والإمدادات. يسرّع التعبئة لكنه يثقل على المدنيين.
הגבלת טיסות ופעילות בנמל התעופה	Limiting flights and airport activity	تقييد الرحلات والنشاط في المطار
מצמצם טיסות בשעות סכנה ומעביר חלק מהפעילות לנמלים חלופיים. מגן על הנוסעים ופוגע בתיירות ובמסחר.	Cuts flights during dangerous hours and moves part of the activity to alternative ports. Protects passengers and hurts tourism and trade.	يقلّص الرحلات في ساعات الخطر وينقل جزءًا من النشاط إلى موانئ بديلة. يحمي المسافرين ويضر بالسياحة والتجارة.
הגבלת מספר המשתתפים בהתכנסויות	Limiting the number of participants at gatherings	تحديد عدد المشاركين في التجمعات
מגביל את מספר האנשים בכל אירוע או התכנסות במקום אחד, לפי הנחיות פיקוד העורף. מקטין את הסיכון באזעקות, אבל פוגע באירועים, בבתי תפילה ובעסקים.	Limits the number of people at any event or gathering in one place, per Home Front Command guidelines. Reduces risk during sirens, but hurts events, houses of worship and businesses.	يحدّد عدد الأشخاص في كل حدث أو تجمع في مكان واحد، بحسب تعليمات قيادة الجبهة الداخلية. يقلل الخطر أثناء الإنذارات، لكنه يضر بالفعاليات ودور العبادة والأعمال.
ההגבלה מתעדכנת לפי רמת האיום בכל אזור.	The limit is updated according to the threat level in each area.	يُحدَّث التقييد بحسب مستوى التهديد في كل منطقة.
סמכויות חירום לרשויות מקומיות	Emergency powers for local authorities	صلاحيات طوارئ للسلطات المحلية
מרחיב את סמכויות הרשויות המקומיות לסגירת מוסדות ולפינוי. תגובה מהירה יותר בשטח, ופחות פיקוח מרכזי.	Expands local authorities' powers to close institutions and evacuate. A faster response on the ground, and less central oversight.	يوسّع صلاحيات السلطات المحلية لإغلاق المؤسسات والإخلاء. استجابة أسرع في الميدان ورقابة مركزية أقل.
ארגון פינוי תושבים מקו העימות	Organizing the evacuation of residents from the confrontation line	تنظيم إخلاء السكان من خط المواجهة
פינוי מסודר של יישובים בסמוך לגבול ללינה זמנית. מציל חיים ועולה כסף ושיבוש חיים.	Orderly evacuation of communities near the border to temporary lodging. Saves lives and costs money and disruption.	إخلاء منظم للبلدات قرب الحدود إلى إقامة مؤقتة. ينقذ الأرواح ويكلّف مالًا واضطرابًا في الحياة.
תגבור משטרה ומשמר הגבול בעורף	Reinforcing police and Border Police in the home front	تعزيز الشرطة وحرس الحدود في الجبهة الداخلية
מעביר כוחות משטרה לנקודות רגישות ולמוקדי התרעה. מחזק את תחושת הביטחון, ומותיר פחות כוחות לעבירות רגילות.	Moves police forces to sensitive points and alert centers. Strengthens the sense of security, and leaves fewer forces for ordinary offenses.	ينقل قوات الشرطة إلى نقاط حساسة ومراكز الإنذار. يعزز الشعور بالأمان ويترك قوات أقل للمخالفات العادية.
הגבלת הפגנות ועצרות בנקודות רגישות	Limiting protests and rallies at sensitive points	تقييد المظاهرات والتجمعات في نقاط حساسة
מגביל את גודל ההפגנות ומיקומן בזמן אזעקות. מקטין סיכון, אך מעורר ביקורת על פגיעה בחופש המחאה.	Limits the size and location of protests during sirens. Reduces risk, but draws criticism for harming the freedom to protest.	يحدّد حجم المظاهرات ومكانها أثناء الإنذارات. يقلل الخطر لكنه يثير انتقادًا بالمساس بحرية الاحتجاج.
ארגוני זכויות האדם מבקשים לעקוב אחר השימוש בסמכות.	Human rights organizations ask to monitor the use of the authority.	منظمات حقوق الإنسان تطلب متابعة استخدام الصلاحية.
חסימות ובדיקות בצמתים מרכזיים	Roadblocks and checks at major junctions	حواجز وفحوصات عند تقاطعات رئيسية
בדיקות ביטחוניות בצמתים ובכניסות לערים. מקשה על מחבלים ומעכב את התנועה.	Security checks at junctions and city entrances. Makes things harder for terrorists and delays traffic.	فحوصات أمنية عند التقاطعات ومداخل المدن. يصعّب على المنفذين ويعطل الحركة.
צו גיוס מילואים נוסף	An additional reserve call-up order	أمر استدعاء احتياط إضافي
גיוס נוסף של יחידות מילואים. מחזק את הכוחות ופוגע בכלכלה ובמשפחות המשרתים.	A further call-up of reserve units. Strengthens the forces and hurts the economy and the servicemembers' families.	استدعاء إضافي لوحدات الاحتياط. يعزز القوات ويضر بالاقتصاد وبعائلات المستدعين.
האצת ייצור תחמושת וציוד	Accelerating production of munitions and equipment	تسريع إنتاج الذخيرة والمعدات
הרחבת קווי הייצור של התעשייה הביטחונית ורכש חירום. משפר מוכנות ומעמיס על התקציב.	Expanding the defense industry's production lines and emergency procurement. Improves readiness and burdens the budget.	توسيع خطوط إنتاج الصناعات الأمنية وشراء طارئ. يحسّن الجاهزية ويثقل الميزانية.
תגבור הגנה אווירית על ערים ועל תשתיות	Reinforcing air defense over cities and infrastructure	تعزيز الدفاع الجوي فوق المدن والبنى التحتية
העברת סוללות ומיירטים להגנה על ריכוזי אוכלוסייה ותשתיות חיוניות.	Moving batteries and interceptors to protect population centers and vital infrastructure.	نقل بطاريات ومعترِضات لحماية التجمعات السكانية والبنى التحتية الحيوية.
היערכות בתי חולים לקליטת נפגעים	Preparing hospitals to receive casualties	تجهيز المستشفيات لاستقبال المصابين
פינוי מיטות, תגבור צוותים והקמת מערך חירום. משפר את היכולת לטפל בנפגעים ומעמיס על שאר הטיפולים.	Clearing beds, reinforcing staff and setting up an emergency system. Improves the ability to treat casualties and burdens other treatment.	إخلاء أسرّة وتعزيز الطواقم وإقامة منظومة طوارئ. يحسّن القدرة على علاج المصابين ويثقل بقية العلاجات.
דחיית ניתוחים וטיפולים שאינם דחופים	Postponing non-urgent surgeries and treatments	تأجيل العمليات والعلاجات غير العاجلة
מפנה מיטות וצוותים לטיפול בנפגעים. פוגע בחולים שממתינים ובשביעות הרצון.	Frees beds and staff to treat casualties. Hurts the patients who are waiting and satisfaction.	يُخلي أسرّة وطواقم لعلاج المصابين. يضر بالمرضى المنتظرين وبالرضا.
מבצע לאומי לתרומות דם	A national blood donation drive	حملة وطنية للتبرع بالدم
מבצע הסברה ואיסוף מלאי דם לחירום. עולה מעט ומחזק את תחושת השותפות.	An awareness and blood-stock collection drive for emergencies. Costs little and strengthens the sense of partnership.	حملة توعية وجمع مخزون دم للطوارئ. تكلّف القليل وتعزز الشعور بالشراكة.
מעבר ללמידה מרחוק באזורים חשופים	Switching to remote learning in exposed areas	الانتقال إلى التعلم عن بعد في المناطق المكشوفة
סוגר בתי ספר באזורי סכנה ועובר ללמידה מרחוק. מגן על התלמידים ופוגע בלמידה ובהורים העובדים.	Closes schools in danger zones and moves to remote learning. Protects students and hurts learning and working parents.	يغلق المدارس في مناطق الخطر وينتقل إلى التعلم عن بعد. يحمي الطلاب ويضر بالتعلم وبالأهل العاملين.
מסגרות חירום לילדי משרתי מילואים	Emergency frameworks for children of reservists	أطر طوارئ لأبناء المستدعين للاحتياط
פתיחת צהרונים ומסגרות לילדי המשרתים. מקל על המשפחות ועולה כסף.	Opening after-school programs and frameworks for the servicemembers' children. Eases things for families and costs money.	فتح أطر ما بعد المدرسة لأبناء المستدعين. يخفف عن العائلات ويكلّف مالًا.
תרגול ונהלי מיגון בבתי ספר	Shelter drills and procedures in schools	تدريب وإجراءات حماية في المدارس
הכנת מקלטים ותרגול התנהגות באזעקה. מחזק את הביטחון בבתי הספר.	Preparing shelters and practicing behavior during a siren. Strengthens security in schools.	تجهيز ملاجئ وتدريب على السلوك أثناء الإنذار. يعزز الأمان في المدارس.
מענקי פיצוי לעסקים באזורי לחימה	Compensation grants for businesses in combat areas	منح تعويض للأعمال في مناطق القتال
פיצוי עסקים שנפגעו מהלחימה ומהגבלות. עולה כסף רב ומרגיע את השוק.	Compensating businesses hurt by the fighting and by restrictions. Costs a lot and calms the market.	تعويض الأعمال المتضررة من القتال ومن القيود. يكلّف مبلغًا كبيرًا ويهدّئ السوق.
חבילת סיוע למשרתי מילואים ולמשפחותיהם	An aid package for reservists and their families	حزمة مساعدات للمستدعين للاحتياط ولعائلاتهم
מענקים, הטבות מס והקלות במשכנתאות. מגבירה את שביעות הרצון, ומגדילה את הגירעון.	Grants, tax benefits and mortgage relief. Raises satisfaction and enlarges the deficit.	منح وامتيازات ضريبية وتسهيلات في القروض السكنية. ترفع الرضا وتزيد العجز.
הנפקת איגרות חוב למימון המלחמה	Issuing bonds to finance the war	إصدار سندات دين لتمويل الحرب
גיוס חוב בשוק הבינלאומי למימון הוצאות הלחימה. נותן אוויר לתקציב ומעלה את החוב.	Raising debt on the international market to finance war spending. Gives the budget room and raises the debt.	جمع دين في السوق الدولية لتمويل نفقات القتال. يمنح الميزانية متنفسًا ويرفع الدين.
דירוג האשראי יושפע מגובה החוב.	The credit rating will be affected by the size of the debt.	سيتأثر التصنيف الائتماني بحجم الدين.
תכנית סיוע לעסקים קטנים בעורף	An aid program for small businesses in the home front	برنامج مساعدة للأعمال الصغيرة في الجبهة الداخلية
מענקים והלוואות בערבות מדינה לעסקים קטנים. שומר מקומות עבודה.	Grants and state-guaranteed loans for small businesses. Preserves jobs.	منح وقروض بضمان الدولة للأعمال الصغيرة. يحافظ على أماكن العمل.
פיקוח זמני על מחירי מוצרי יסוד	Temporary price control on basic goods	رقابة مؤقتة على أسعار السلع الأساسية
מגביל עליות מחירים של מוצרי יסוד בזמן המלחמה. מקל על משקי בית, ופוגע ברווחי הקמעונאים.	Limits price rises on basic goods during the war. Eases things for households and hurts retailers' profits.	يحدّ من ارتفاع أسعار السلع الأساسية أثناء الحرب. يخفف عن الأسر ويضر بأرباح تجار التجزئة.
הבטחת שרשראות אספקה וייבוא חיוני	Securing supply chains and vital imports	تأمين سلاسل الإمداد والاستيراد الحيوي
הסכמים עם ספקים ונמלים חלופיים. מייצב את המחירים בטווח הבינוני.	Agreements with alternative suppliers and ports. Stabilizes prices in the medium term.	اتفاقات مع موردين وموانئ بديلة. يثبّت الأسعار على المدى المتوسط.
מאמץ דיפלומטי לתמיכה בינלאומית	A diplomatic effort for international support	جهد دبلوماسي لدعم دولي
מסע פגישות ופניות לבעלות הברית לתמיכה מדינית וצבאית. מחזק את הלגיטימציה.	A round of meetings and appeals to allies for political and military support. Strengthens legitimacy.	جولة لقاءات وتوجهات إلى الحلفاء لدعم سياسي وعسكري. يعزز الشرعية.
פתיחת ערוץ לעצירת אש בתיווך	Opening a channel for a mediated ceasefire	فتح قناة لوقف إطلاق نار بوساطة
מגעים עם מתווכים לעצירת אש. מקטין את הסלמה, ומעורר ביקורת מהימין.	Contacts with mediators for a ceasefire. Reduces escalation and draws criticism from the right.	اتصالات مع وسطاء لوقف إطلاق النار. يقلل التصعيد ويثير انتقادًا من اليمين.
הבטחת אספקת נשק מבעלות ברית	Securing arms supplies from allies	تأمين إمدادات سلاح من حلفاء
משא ומתן על אספקת נשק ותחמושת בשעת חירום. מחזק את הצבא ויוצר תלות.	Negotiating arms and ammunition supplies in an emergency. Strengthens the army and creates dependence.	مفاوضات على إمداد السلاح والذخيرة في حالة الطوارئ. يعزز الجيش ويخلق اعتمادًا.
הפעלת תקנות שעת חירום	Activating emergency regulations	تفعيل أنظمة الطوارئ
הרחבת סמכויות הממשלה לפי חוק לשעת חירום, למשך זמן מוגבל. מגביר שליטה ויעילות ופוגע באמון של קבוצות שחוששות מפגיעה בדמוקרטיה.	Expanding the government's powers under the emergency law, for a limited time. Increases control and efficiency and hurts the trust of groups that fear harm to democracy.	توسيع صلاحيات الحكومة بموجب قانون الطوارئ لفترة محدودة. يزيد السيطرة والكفاءة ويضر بثقة فئات تخشى المساس بالديمقراطية.
התקנות מוגבלות בזמן ודורשות אישור הכנסטון.	The regulations are time-limited and require Knesseton approval.	الأنظمة محدودة بالزمن وتتطلب مصادقة الكنيستون.
סיוע משפטי למפונים ולמשרתי מילואים	Legal aid for evacuees and reservists	مساعدة قانونية للمُخلَين وللمستدعين للاحتياط
ייצוג משפטי ללא עלות בענייני דיור, תעסוקה ופיצויים. מקל על המשפחות.	Free legal representation in matters of housing, employment and compensation. Eases things for families.	تمثيل قانوني دون مقابل في شؤون السكن والتشغيل والتعويضات. يخفف عن العائلات.
פתרונות דיור זמניים למפונים	Temporary housing solutions for evacuees	حلول سكن مؤقتة للمُخلَين
מלונות ודירות זמניות למי שפונה מביתו. מציל מצוקה ועולה כסף.	Hotels and temporary apartments for those evacuated from their homes. Relieves distress and costs money.	فنادق وشقق مؤقتة لمن أُخلي من بيته. يخفف الضائقة ويكلّف مالًا.
הקפאת פינויים והסדרי דחייה בשכר דירה	Freezing evictions and rent deferral arrangements	تجميد الإخلاءات وترتيبات تأجيل الإيجار
מניעת פינוי דיירים שנפגעו מהמלחמה. מקל על שוכרים ופוגע במשכירים.	Preventing the eviction of tenants hit by the war. Eases things for renters and hurts landlords.	منع إخلاء المستأجرين المتضررين من الحرب. يخفف عن المستأجرين ويضر بالمؤجرين.
הגנה על תחנות כוח ותשתיות אנרגיה	Protecting power stations and energy infrastructure	حماية محطات الكهرباء وبنى الطاقة التحتية
תגבור מיגון והגנה על מתקנים חיוניים. מצמצם את הסיכון לפגיעה באספקה.	Reinforcing protection and defense of vital facilities. Reduces the risk of harm to supply.	تعزيز الحماية والدفاع عن منشآت حيوية. يقلل خطر المساس بالإمداد.
תיעדוף אספקת חשמל לבתי חולים ולצבא	Prioritizing electricity supply to hospitals and the army	إعطاء الأولوية في إمداد الكهرباء للمستشفيات والجيش
במקרה של מחסור, חשמל קודם למוסדות חיוניים. מגן על הלוחמים ועל הנפגעים, ופוגע ברצף האספקה לצרכנים.	In case of shortage, electricity goes first to vital institutions. Protects fighters and casualties and hurts continuity of supply to consumers.	في حال النقص، تُمنح الكهرباء أولًا للمؤسسات الحيوية. يحمي المقاتلين والمصابين ويضر باستمرارية الإمداد للمستهلكين.
מוקדי סיוע נפשי לאוכלוסייה ולמשפחות	Mental-health support centers for the population and families	مراكز دعم نفسي للسكان وللعائلات
הרחבת טיפול נפשי ומוקדי חירום. משפר את החוסן הנפשי.	Expanding mental-health treatment and emergency hotlines. Improves mental resilience.	توسيع العلاج النفسي ومراكز الطوارئ. يحسّن الصمود النفسي.
סיוע ללוויית ולליווי משפחות שכולות	Support for funerals and accompanying bereaved families	مساعدة في الجنازات ومرافقة العائلات الثكلى
ליווי אישי ותמיכה כלכלית למשפחות שכולות ולנפגעים. מחזק את האמון ועולה כסף.	Personal support and financial aid for bereaved families and casualties. Strengthens trust and costs money.	مرافقة شخصية ودعم مادي للعائلات الثكلى وللمصابين. يعزز الثقة ويكلّف مالًا.
מבצע בדיקת מצב קשישים בבידוד	A drive to check on isolated elderly people	حملة للاطمئنان على المسنين المعزولين
מוקדי ביקור וסיוע לקשישים בודדים בעת אזעקות. מציל חיים ועולה מעט.	Visiting and aid centers for lonely elderly people during sirens. Saves lives and costs little.	مراكز زيارة ومساعدة للمسنين الوحيدين أثناء الإنذارات. ينقذ الأرواح ويكلّف القليل.
פינוי חומרים מסוכנים ושיקום אזורים שנפגעו	Clearing hazardous materials and rehabilitating damaged areas	إزالة المواد الخطرة وإعادة تأهيل المناطق المتضررة
ניקוי אתרים שנפגעו מפגיעות ושריפות. מצמצם סיכון בריאותי ועולה כסף.	Cleaning sites hit by strikes and fires. Reduces health risk and costs money.	تنظيف مواقع تضررت من الضربات والحرائق. يقلل الخطر الصحي ويكلّف مالًا.
הגברת בטיחות במפעלים כימיים בקו העימות	Raising safety at chemical plants on the confrontation line	رفع السلامة في المصانع الكيماوية على خط المواجهة
סגירת קווי ייצור מסוכנים והעברת מלאים. מגן על האזור ופוגע בתפוקה.	Shutting down dangerous production lines and moving stocks. Protects the area and hurts output.	إغلاق خطوط إنتاج خطرة ونقل المخزون. يحمي المنطقة ويضر بالإنتاج.
מלאי חירום של מזון	Emergency food stock	مخزون طوارئ من الغذاء
רכש ואחסון מלאי בסיסי למקרה של שיבוש באספקה. עולה כסף ומרגיע.	Procuring and storing a basic stock in case of supply disruption. Costs money and reassures.	شراء وتخزين مخزون أساسي تحسبًا لتعطل الإمداد. يكلّف مالًا ويطمئن.
סיוע לחקלאים בקו העימות	Aid for farmers on the confrontation line	مساعدة المزارعين على خط المواجهة
פיצוי ועובדים חלופיים לחקלאים באזורי לחימה. שומר על ייצור המזון.	Compensation and replacement workers for farmers in combat areas. Preserves food production.	تعويض وعمال بدلاء للمزارعين في مناطق القتال. يحافظ على إنتاج الغذاء.
שידורי חירום והתרעות בכל הערוצים	Emergency broadcasts and alerts on all channels	بث طوارئ وإنذارات في كل القنوات
חיבור כל הערוצים והאפליקציות למערכת התרעה אחת. מקצר זמני תגובה ומציל חיים.	Connecting all channels and apps to a single alert system. Shortens response times and saves lives.	ربط كل القنوات والتطبيقات بمنظومة إنذار واحدة. يقصّر أزمنة الاستجابة وينقذ الأرواح.
ניטור ומאבק בחדשות כוזבות ובמבצעי השפעה	Monitoring and fighting fake news and influence operations	رصد ومكافحة الأخبار الكاذبة وعمليات التأثير
שיתוף פעולה עם הפלטפורמות והסרת תוכן מטעה. מצמצם בהלה ומעורר ויכוח על חופש הביטוי.	Cooperation with the platforms and removal of misleading content. Reduces panic and stirs debate over freedom of expression.	تعاون مع المنصات وإزالة المحتوى المضلل. يقلل الذعر ويثير جدلًا حول حرية التعبير.
ביטול או צמצום אירועי תרבות ופנאי	Cancelling or reducing culture and leisure events	إلغاء أو تقليص فعاليات الثقافة والترفيه
מבטל הופעות ואירועים גדולים בעת סכנה. מקטין סיכון ופוגע בעוסקים בתחום ובמצב הרוח.	Cancels performances and large events in times of danger. Reduces risk and hurts those working in the field and the mood.	يلغي العروض والفعاليات الكبيرة وقت الخطر. يقلل الخطر ويضر بالعاملين في المجال وبالمزاج العام.
תכנית תרבות ואמנות בעורף ובמקלטים	A culture and arts program in the home front and shelters	برنامج ثقافة وفنون في الجبهة الداخلية وفي الملاجئ
אמנים מופיעים בפני משפחות ומפונים. משפר את מצב הרוח בעלות נמוכה.	Artists perform for families and evacuees. Improves the mood at low cost.	فنانون يقدّمون عروضًا أمام العائلات والمُخلَين. يحسّن المزاج بكلفة منخفضة.
מענקים למלונות המפנים ולמגזר התיירות	Grants for hotels hosting evacuees and the tourism sector	منح للفنادق المستضيفة للمُخلَين ولقطاع السياحة
תשלום עבור אכסון מפונים ומענקי הישרדות לעסקי תיירות. מחזק את המגזר ועולה כסף.	Payment for housing evacuees and survival grants for tourism businesses. Strengthens the sector and costs money.	دفع مقابل إيواء المُخلَين ومنح بقاء لأعمال السياحة. يقوّي القطاع ويكلّف مالًا.
סגירת אתרי תיירות בקו העימות	Closing tourist sites on the confrontation line	إغلاق مواقع سياحية على خط المواجهة
סוגר אתרים וטיולים באזורים מסוכנים. מגן על המטיילים ופוגע בעסקים המקומיים.	Closes sites and tours in dangerous areas. Protects travelers and hurts local businesses.	يغلق مواقع ورحلات في مناطق خطرة. يحمي المسافرين ويضر بالأعمال المحلية.
הגנת מקום עבודה למשרתי מילואים	Job protection for reservists	حماية أماكن العمل للمستدعين للاحتياط
אוסר פיטורים של משרתי מילואים ומרחיב הטבות. מגן על המשרתים ופוגע בעסקים קטנים.	Bans dismissing reservists and expands benefits. Protects those serving and hurts small businesses.	يحظر فصل المستدعين للاحتياط ويوسّع الامتيازات. يحمي المستدعين ويضر بالأعمال الصغيرة.
הסדרי חל״ת מוסכמים בעורף	Agreed furlough arrangements in the home front	ترتيبات إجازة بلا راتب متفق عليها في الجبهة الداخلية
מעבר מסודר לחופשה ללא תשלום עם פיצוי חלקי. שומר על מקומות עבודה בטווח הקצר.	An orderly move to unpaid leave with partial compensation. Preserves jobs in the short term.	انتقال منظم إلى إجازة بلا راتب مع تعويض جزئي. يحافظ على أماكن العمل على المدى القصير.
הגבלת התכנסות בבתי כנסת ובבתי תפילה	Limiting gatherings in synagogues and houses of prayer	تقييد التجمع في الكُنُس ودور الصلاة
מגביל את מספר המתפללים בעת התרעות בהתאם להנחיות פיקוד העורף. מקטין סיכון ופוגע בציבור הדתי והחרדי.	Limits the number of worshippers during alerts in line with Home Front Command guidelines. Reduces risk and hurts the religious and Haredi public.	يحدّد عدد المصلّين أثناء الإنذارات وفق تعليمات قيادة الجبهة الداخلية. يقلل الخطر ويضر بالجمهور المتدين والحريدي.
תגבור הרבנות הצבאית ושירותי קבורה	Reinforcing the military rabbinate and burial services	تعزيز الحاخامية العسكرية وخدمات الدفن
הרחבת שירותי הדת והקבורה בחזית ובעורף. מחזק את כבוד המשפחות.	Expanding religious and burial services at the front and in the home front. Strengthens the families' dignity.	توسيع الخدمات الدينية وخدمات الدفن في الجبهة وفي الداخل. يعزز كرامة العائلات.
תגבור הביטחון בעיר ובמקומות הקדושים	Reinforcing security in the city and at the holy places	تعزيز الأمن في المدينة وفي الأماكن المقدسة
כוחות נוספים בעיר העתיקה ובצמתים. מקטין את הסיכון, ומגביר מתח.	More forces in the Old City and at junctions. Reduces risk and raises tension.	قوات إضافية في البلدة القديمة وعند التقاطعات. يقلل الخطر ويزيد التوتر.
סיוע לעסקים בעיר בעת לחימה	Aid for businesses in the city during fighting	مساعدة الأعمال في المدينة أثناء القتال
מענקים לעסקים שנפגעו בגלל ההגבלות והירידה בתיירות.	Grants for businesses hurt by the restrictions and the drop in tourism.	منح للأعمال المتضررة بسبب القيود وتراجع السياحة.
הגנה על אתרי מורשת וארכיונים	Protecting heritage sites and archives	حماية مواقع التراث والأرشيفات
פינוי אוספים ומיגון אתרים לאומיים מפני פגיעה. שומר על הזיכרון הלאומי.	Evacuating collections and protecting national sites from harm. Preserves national memory.	إخلاء المجموعات وتحصين المواقع الوطنية من الأذى. يحافظ على الذاكرة الوطنية.
הנצחה ותיעוד של הנופלים והמשפחות	Commemoration and documentation of the fallen and the families	تخليد وتوثيق للسقوط ولعائلاتهم
תכנית ממלכתית להנצחה ותיעוד. מחזקת את האחדות ועולה מעט.	A state program for commemoration and documentation. Strengthens unity and costs little.	برنامج رسمي للتخليد والتوثيق. يعزز الوحدة ويكلّف القليل.
תכנית חירום ליישובי קו העימות	An emergency plan for confrontation-line communities	خطة طوارئ لبلدات خط المواجهة
מיגון, תגבור צוותים ושירותים ליישובי הצפון והדרום. מחזק את האמון בפריפריה.	Protection, reinforced teams and services for communities in the north and south. Strengthens trust in the periphery.	تحصين وتعزيز طواقم وخدمات لبلدات الشمال والجنوب. يعزز الثقة في الأطراف.
פינוי וישוב זמני ליישובים סמוכים לגבול	Evacuation and temporary settlement of communities near the border	إخلاء وإسكان مؤقت للبلدات القريبة من الحدود
מעביר תושבים ללינה זמנית ושומר על קהילות. עולה כסף ושובר שגרה.	Moves residents to temporary lodging and keeps communities together. Costs money and breaks routine.	ينقل السكان إلى إقامة مؤقتة ويحافظ على المجتمعات. يكلّف مالًا ويكسر الروتين.
סיוע חירום לעולים חדשים	Emergency aid for new immigrants	مساعدة طوارئ للمهاجرين الجدد
מוקדי סיוע בשפות אחרות ותמיכה ממשלתית. שומר על האמון של עולים.	Aid centers in other languages and government support. Keeps the trust of immigrants.	مراكز مساعدة بلغات أخرى ودعم حكومي. يحافظ على ثقة المهاجرين.
עצירה זמנית של קליטה באזורי לחימה	A temporary halt to absorption in combat areas	وقف مؤقت للاستيعاب في مناطق القتال
מעביר עולים חדשים לאזורים בטוחים. מקטין סיכון ופוגע בתכנון.	Moves new immigrants to safe areas. Reduces risk and hurts planning.	ينقل المهاجرين الجدد إلى مناطق آمنة. يقلل الخطر ويضر بالتخطيط.
הפניית מו״פ לטכנולוגיות הגנה	Directing R&D to defense technologies	توجيه البحث والتطوير إلى تكنولوجيات الدفاع
מימון אקדמיה ותעשייה לפיתוח מיירטים, לייזר וסייבר. משפר את היכולת הביטחונית.	Funding academia and industry to develop interceptors, lasers and cyber. Improves security capability.	تمويل الأكاديميا والصناعة لتطوير المعترِضات والليزر والسايبر. يحسّن القدرة الأمنية.
גיוס מתנדבי הייטק למאמץ המלחמתי	Recruiting high-tech volunteers for the war effort	تجنيد متطوعي الهايتك للجهد الحربي
קריאה למומחים לסייע בפתרונות מידע ולוגיסטיקה. עלות נמוכה ומחזקת את הלכידות.	A call for experts to help with information and logistics solutions. Low cost and strengthens cohesion.	دعوة الخبراء للمساعدة في حلول المعلومات واللوجستيات. كلفة منخفضة ويعزز التماسك.
תיאום עם מדינות ערב ומתווכים אזוריים	Coordination with Arab states and regional mediators	تنسيق مع الدول العربية ووسطاء إقليميين
ערוצי תיאום ביטחוני ומדיני עם מצרים, ירדן ומדינות המפרץ. מקטין סיכון להסלמה.	Security and diplomatic coordination channels with Egypt, Jordan and the Gulf states. Reduces the risk of escalation.	قنوات تنسيق أمني وسياسي مع مصر والأردن ودول الخليج. يقلل خطر التصعيد.
תגבור הביטחון ביישובי הספר ובשטחים	Reinforcing security in border communities and in the territories	تعزيز الأمن في بلدات الحدود وفي الأراضي
כיתות כוננות, מיגון וכוחות נוספים ביישובים. מחזק את תחושת הביטחון.	Standby squads, protection and additional forces in the communities. Strengthens the sense of security.	فرق تأهب وتحصين وقوات إضافية في البلدات. يعزز الشعور بالأمان.
סיוע לנפגעים ולמפונים מיישובים	Aid for casualties and evacuees from communities	مساعدة للمصابين وللمُخلَين من البلدات
פיצויים ודיור זמני לנפגעים. מחזק את האמון ועולה כסף.	Compensation and temporary housing for casualties. Strengthens trust and costs money.	تعويضات وسكن مؤقت للمصابين. يعزز الثقة ويكلّف مالًا.
גיוס תמיכת קהילות יהודיות בעולם	Rallying the support of Jewish communities worldwide	حشد دعم الجاليات اليهودية في العالم
קמפיין תמיכה והתרמה בקהילות. מביא כסף ותמיכה ציבורית.	A support and fundraising campaign in the communities. Brings money and public support.	حملة دعم وتبرعات في الجاليات. تجلب مالًا ودعمًا جماهيريًا.
סיוע בביטחון לקהילות מותקפות בחו״ל	Security aid to communities under attack abroad	مساعدة أمنية للجاليات المهاجَمة في الخارج
שיתוף מומחים ומימון להגנה על בתי כנסת ומוסדות. מחזק את הקשר עם הקהילות.	Sharing experts and funding to protect synagogues and institutions. Strengthens the connection with the communities.	إشراك خبراء وتمويل لحماية الكُنُس والمؤسسات. يعزز الصلة بالجاليات.
סיוע לאוכלוסיות מוחלשות בשעת מלחמה	Aid for vulnerable populations in wartime	مساعدة الفئات الضعيفة في زمن الحرب
סיוע במזון, דיור וטיפול לאוכלוסיות שנפגעו במיוחד. מצמצם פערים בזמן משבר.	Aid in food, housing and care for populations hit especially hard. Narrows gaps during a crisis.	مساعدة في الغذاء والسكن والرعاية للفئات المتضررة بشكل خاص. يقلص الفجوات وقت الأزمة.
מיזמי חוסן משותף ליהודים וערבים	Joint resilience projects for Jews and Arabs	مشاريع صمود مشتركة لليهود والعرب
תכנית חוסן קהילתית לשמירה על שקט פנימי. מחזקת את האמון.	A community resilience program to keep internal calm. Strengthens trust.	برنامج صمود مجتمعي للحفاظ على الهدوء الداخلي. يعزز الثقة.
הרחבת איסוף וסיכול מודיעיני	Expanding intelligence collection and disruption	توسيع الجمع الاستخباراتي والإحباط
תגבור מקורות והסיכולים. משפר את ההתרעה ומעורר שאלות על פרטיות.	Reinforcing sources and disruptions. Improves warning and raises questions about privacy.	تعزيز المصادر وعمليات الإحباط. يحسّن الإنذار ويثير تساؤلات حول الخصوصية.
מערך התרעה מוקדמת משולב	An integrated early-warning system	منظومة إنذار مبكر متكاملة
חיבור בין גופי המודיעין והפיקוד. מקצר זמני תגובה.	Connecting the intelligence bodies and the command. Shortens response times.	ربط أجهزة الاستخبارات والقيادة. يقصّر أزمنة الاستجابة.
ניתוח איומים ותכנון אסטרטגי	Threat analysis and strategic planning	تحليل التهديدات والتخطيط الاستراتيجي
צוות לתכנון הלחימה והיום שאחריה. משפר את החלטות הקבינט.	A team to plan the fighting and the day after. Improves cabinet decisions.	طاقم لتخطيط القتال واليوم التالي. يحسّن قرارات الكابينت.
שיקום תשתיות בפריפריה שנפגעו	Rehabilitating damaged infrastructure in the periphery	إعادة تأهيل البنى التحتية المتضررة في الأطراف
תיקון כבישים, חשמל ומים באזורים שנפגעו. מחזק את האמון ועולה כסף.	Repairing roads, electricity and water in the areas hit. Strengthens trust and costs money.	إصلاح الطرق والكهرباء والمياه في المناطق المتضررة. يعزز الثقة ويكلّف مالًا.
הגנת סייבר על תשתיות לאומיות	Cyber defense of national infrastructure	دفاع سايبر عن البنى التحتية الوطنية
מערכות מים, חשמל ובנקים מוגנות מפני מתקפות. מקטין סיכון לשיבוש.	Water, electricity and banking systems protected against attacks. Reduces the risk of disruption.	حماية منظومات المياه والكهرباء والبنوك من الهجمات. يقلل خطر التعطيل.
חסימת מתקפות והסתה ברשת	Blocking attacks and incitement online	صد الهجمات والتحريض على الشبكة
שיתוף פעולה עם הפלטפורמות והסרת חשבונות עוינים. מצמצם בהלה ומעורר ויכוח על צנזורה.	Cooperation with the platforms and removal of hostile accounts. Reduces panic and stirs debate over censorship.	تعاون مع المنصات وإزالة الحسابات المعادية. يقلل الذعر ويثير جدلًا حول الرقابة.
מבצע הסברה בינלאומי	An international public-diplomacy campaign	حملة توضيح دولية
מסרים ומראיינים בשפות זרות בערוצים בינלאומיים. משפר את התדמית ועולה כסף.	Messages and spokespeople in foreign languages on international channels. Improves the image and costs money.	رسائل ومتحدثون بلغات أجنبية في قنوات دولية. يحسّن الصورة ويكلّف مالًا.
הקמת מרכזי חוסן ומקלטים	Setting up resilience centers and shelters	إقامة مراكز صمود وملاجئ
מקלטים ציבוריים וממ״דים נוספים. מגן על האוכלוסייה לטווח ארוך.	Additional public shelters and safe rooms. Protects the population in the long term.	ملاجئ عامة وغرف آمنة إضافية. يحمي السكان على المدى البعيد.
הכשרת מתנדבים לשעת חירום	Training volunteers for an emergency	تدريب متطوعين لحالة الطوارئ
קורסי עזרה ראשונה וניהול מוקדים. מחזקת את הקהילות בעלות נמוכה.	First-aid courses and call-center management. Strengthens communities at low cost.	دورات إسعاف أولي وإدارة مراكز اتصال. يقوّي المجتمعات بكلفة منخفضة.
