L	📶	0,0,0	periphery:5,youth:2	b=infrastructure:0.4	חוק סיבים אופטיים לכל בית	חובת פריסת סיבים גם ליישובים קטנים ומרוחקים.	Fiber for Every Home Law	Mandatory fiber rollout even to small, remote communities.	قانون الألياف الضوئية لكل بيت	إلزام مد الألياف حتى للبلدات الصغيرة والنائية.
L	📱	0,0.2,0	families:3,youth:3	-	חוק ניוד מספר מיידי	מעבר בין חברות סלולר תוך שעה, ללא קנס.	Instant Number Porting Law	Switch mobile carriers within an hour, without penalty.	قانون نقل الرقم الفوري	الانتقال بين شركات الخلوي خلال ساعة دون غرامة.
L	🚫	0,0,0	families:3,elderly:3	-	חוק חסימת שיחות ספאם	חסימת שיחות והודעות פרסום לא רצויות.	Spam Call Blocking Law	Blocks unwanted marketing calls and messages.	قانون حظر المكالمات المزعجة	حظر المكالمات والرسائل الدعائية غير المرغوبة.
L	🧒	0,0,0	families:4,religious:2	-	חוק הגנה על ילדים ברשת	סינון מוגדר מראש לקווים של קטינים.	Children's Online Protection Law	Default filtering for minors' lines.	قانون حماية الأطفال على الإنترنت	تصفية افتراضية لخطوط القاصرين.
L	📮	0,0,0	elderly:3,periphery:3	-	חוק שירות הדואר	תקן זמני מסירה וסניף בכל יישוב גדול.	Postal Service Law	Delivery time standards and a branch in every large community.	قانون خدمة البريد	معايير لأزمنة التسليم وفرع في كل بلدة كبيرة.
L	📺	0,0.1,0	center:3,liberals:2	-	חוק שקיפות בעלות על כלי תקשורת	פרסום בעלי השליטה בכל כלי תקשורת.	Media Ownership Transparency Law	Publishes who controls every media outlet.	قانون الشفافية في ملكية وسائل الإعلام	نشر أصحاب السيطرة في كل وسيلة إعلام.
L	📡	0.2,0,0	center:3,periphery:2	-	חוק תקשורת חירום	מערכת התרעה לכל טלפון ושרידות רשתות בזמן מלחמה.	Emergency Communications Law	Alerts to every phone and network survivability in wartime.	قانون اتصالات الطوارئ	نظام إنذار لكل هاتف وصمود الشبكات أثناء الحرب.
L	💬	0,0,0	families:3,center:2	-	חוק אחריות פלטפורמות על הונאות	חובת הסרה מהירה של פרסומי הונאה.	Platform Fraud Liability Law	Fast removal of fraudulent ads is mandatory.	قانون مسؤولية المنصات عن الاحتيال	إلزام الإزالة السريعة للإعلانات الاحتيالية.
L	♿	0,0,0	families:2,elderly:3	-	חוק הנגשת שידורים	כתוביות ושפת סימנים בכל השידורים המרכזיים.	Broadcast Accessibility Law	Subtitles and sign language on all major broadcasts.	قانون إتاحة البث	ترجمة ولغة إشارة في جميع البرامج الرئيسية.
L	💳	0,0.1,0	families:3,middleClass:2	-	חוק ביטול חבילות מוסתרות	איסור על שינוי מחיר חבילה ללא הסכמה.	Hidden Package Changes Ban Law	Bans changing a package price without consent.	قانون منع التغييرات الخفية في الباقات	حظر تغيير سعر الباقة دون موافقة.
L	🗳️	0,0,0	center:3,liberals:3	-	חוק שקיפות בפרסום פוליטי ברשת	סימון ממומן ומאגר פומבי של מודעות פוליטיות.	Online Political Ads Transparency Law	Sponsored labels and a public archive of political ads.	قانون الشفافية في الإعلانات السياسية على الإنترنت	وسم الإعلانات الممولة وأرشيف علني للإعلانات السياسية.
L	📰	0,-0.1,0	liberals:3,center:2	b=culture:0.3	חוק תמיכה בעיתונות מקומית	קרן לעיתונות מקומית ותחקירית.	Local Journalism Support Law	A fund for local and investigative journalism.	قانون دعم الصحافة المحلية	صندوق للصحافة المحلية والاستقصائية.
L	🛰️	0,0.2,0	periphery:3,center:2	-	חוק אינטרנט לווייני	היתר לשירותי אינטרנט לווייני בכל הארץ.	Satellite Internet Law	Permits satellite internet services nationwide.	قانون الإنترنت عبر الأقمار الصناعية	السماح بخدمات الإنترنت عبر الأقمار الصناعية في كل البلاد.
L	🔒	0,0,0	liberals:3,youth:2	-	חוק הגנה על מידע אישי בתקשורת	איסור מכירת נתוני מיקום של לקוחות.	Telecom Personal Data Law	Bans selling customers' location data.	قانون حماية البيانات الشخصية في الاتصالات	حظر بيع بيانات موقع العملاء.
L	🎙️	0,0,0	liberals:3,arabs:2	-	חוק שידורים בשפות נוספות	ערוצים ותכנים בערבית, ברוסית ובאמהרית.	Broadcasting in More Languages Law	Channels and content in Arabic, Russian and Amharic.	قانون البث بلغات إضافية	قنوات ومحتوى بالعربية والروسية والأمهرية.
R	📺	0.2,0.4,0.1	right:5,highIncome:2,liberals:-5,left:-4	-	רפורמת שוק התקשורת	פתיחת שוק השידורים, ביטול הרגולציה וחיזוק ערוצים חדשים.	Media Market Reform	Opens broadcasting, cuts regulation and boosts new channels.	إصلاح سوق الإعلام	فتح سوق البث وإلغاء التنظيم وتعزيز القنوات الجديدة.
R	🏛️	-0.1,0,0	liberals:5,center:4,left:2,right:-3	-	רפורמת עצמאות השידור הציבורי	עיגון מימון ועצמאות תאגיד השידור.	Public Broadcasting Independence Reform	Enshrines the public broadcaster's funding and independence.	إصلاح استقلالية البث العام	ترسيخ تمويل واستقلالية هيئة البث.
R	✂️	0.3,0.4,0	right:4,highIncome:2,liberals:-4,left:-3	-	רפורמת סגירת תאגיד השידור	סגירת השידור הציבורי והפרטתו.	Public Broadcaster Closure Reform	Closes the public broadcaster and privatizes it.	إصلاح إغلاق هيئة البث	إغلاق البث العام وخصخصته.
R	🌐	0,0,0	periphery:5,arabs:3,lowIncome:2	b=infrastructure:1.5	רפורמת אינטרנט מהיר לכולם	פריסה ממשלתית באזורים שהחברות לא מגיעות אליהם.	Fast Internet for All Reform	Government rollout in areas the companies don't reach.	إصلاح الإنترنت السريع للجميع	مد حكومي في المناطق التي لا تصلها الشركات.
R	📶	0,0.3,0	youth:3,highIncome:2,center:2	b=infrastructure:1	רפורמת הדור החמישי והשישי	הקצאת תדרים ופריסת רשתות מתקדמות.	5G and 6G Reform	Spectrum allocation and advanced network rollout.	إصلاح الجيلين الخامس والسادس	تخصيص الترددات ونشر الشبكات المتقدمة.
R	📮	0,0.4,0	center:3,highIncome:2,publicSector:-4	-	רפורמת הפרטת הדואר	הפרטה של דואר ישמעאל ופתיחה לתחרות.	Postal Privatization Reform	Privatizes Yishmael Post and opens it to competition.	إصلاح خصخصة البريد	خصخصة بريد يشمعيل وفتحه للمنافسة.
R	⚖️	0,0,0	liberals:4,center:3	-	רפורמת רגולטור תקשורת אחד	איחוד הרשויות לרשות אחת ועצמאית.	Single Communications Regulator Reform	Merges the authorities into one independent regulator.	إصلاح هيئة تنظيم اتصالات واحدة	دمج الهيئات في هيئة واحدة مستقلة.
R	🤖	0,0,0	liberals:3,youth:3,center:2	-	רפורמת אחריות הרשתות החברתיות	חובות שקיפות, ערעור על הסרות ומאבק בבוטים.	Social Media Accountability Reform	Transparency duties, appeals on removals and action against bots.	إصلاح مساءلة شبكات التواصل الاجتماعي	واجبات الشفافية والطعن في الحذف ومكافحة البوتات.
R	🛡️	0.2,0,0	center:4,right:2	b=infrastructure:1	רפורמת שרידות רשתות התקשורת	גיבוי, אנרגיה וסייבר לרשתות בזמן מלחמה.	Network Survivability Reform	Backup, power and cyber protection for networks in wartime.	إصلاح صمود شبكات الاتصالات	احتياط وطاقة وسايبر للشبكات وقت الحرب.
R	📰	0,0,0	liberals:4,center:3	b=culture:1	רפורמת תמיכה בעיתונאות עצמאית	קרן עצמאית לתמיכה בעיתונות חוקרת ומקומית.	Independent Journalism Reform	An independent fund supporting investigative and local journalism.	إصلاح دعم الصحافة المستقلة	صندوق مستقل لدعم الصحافة الاستقصائية والمحلية.
R	📡	0,0.3,0	families:3,middleClass:3	-	רפורמת סיטונאות בתקשורת	חובת שירות סיטונאי לתחרות במחירי האינטרנט.	Wholesale Telecom Reform	Mandatory wholesale service to spur internet price competition.	إصلاح البيع بالجملة في الاتصالات	إلزام خدمة الجملة لتعزيز المنافسة في أسعار الإنترنت.
R	🎓	0,0,0	youth:3,families:3,elderly:2	b=education:0.5	רפורמת אוריינות דיגיטלית	הכשרה לזיהוי פייק ניוז והונאות לכל הגילים.	Digital Literacy Reform	Training to spot fake news and scams for all ages.	إصلاح محو الأمية الرقمية	تدريب على كشف الأخبار الكاذبة والاحتيال لجميع الأعمار.
R	🎬	0,0.1,0	center:3,liberals:3	b=culture:0.8	רפורמת תוכן מקומי	חובת השקעה בהפקות מקומיות על כל שירותי הסטרימינג.	Local Content Reform	Streaming services must invest in local productions.	إصلاح المحتوى المحلي	إلزام جميع خدمات البث بالاستثمار في الإنتاجات المحلية.
R	📞	0,0,0	elderly:4,periphery:3	-	רפורמת שירות אוניברסלי	כל אזרח זכאי לקו טלפון ואינטרנט במחיר בסיסי.	Universal Service Reform	Every citizen is entitled to phone and internet at a basic price.	إصلاح الخدمة الشاملة	كل مواطن يستحق خط هاتف وإنترنت بسعر أساسي.
R	🔍	0,0,0	center:4,liberals:2	-	רפורמת מדידת רייטינג שקופה	מדידה עצמאית של צפייה וחשיפה לכל כלי התקשורת.	Transparent Ratings Reform	Independent measurement of viewing and reach for all media.	إصلاح قياس نسب المشاهدة الشفاف	قياس مستقل للمشاهدة والانتشار لجميع وسائل الإعلام.
