# level	icon	ideology	groups	extra	he title	he desc	en title	en desc	ar title	ar desc
L	🎖️	0.3,0,0	reservists:8,soldiers:3,families:2	b=defense:1	חוק מענק התמדה למילואימניקים	מענק שנתי למשרתי מילואים פעילים לפי מספר ימי השירות.	Reservist Retention Grant Law	An annual grant to active reservists based on days served.	قانون منحة المثابرة لجنود الاحتياط	منحة سنوية لجنود الاحتياط الفاعلين حسب عدد أيام الخدمة.
L	🪖	0.2,0,0	soldiers:8,families:3,youth:2	b=defense:1	חוק העלאת שכר חיילי החובה	העלאה של שכר החיילים בשירות סדיר וצמידתו לשכר המינימום.	Conscript Pay Raise Law	Raises conscript pay and links it to the minimum wage.	قانون رفع رواتب جنود الخدمة الإلزامية	رفع رواتب الجنود في الخدمة النظامية وربطها بالحد الأدنى للأجور.
L	🎓	0.2,-0.1,0	soldiers:6,students:5,youth:3	b=defense:0.8	חוק מלגת לימודים לחיילים משוחררים	מימון שנת לימודים אקדמית לכל חייל משוחרר.	Discharged Soldiers Tuition Law	Funds one academic year of study for every discharged soldier.	قانون منحة الدراسة للجنود المسرّحين	تمويل سنة دراسية أكاديمية لكل جندي مسرّح.
L	🏠	0.2,-0.1,0	soldiers:6,youth:4,periphery:1	b=defense:0.6	חוק הנחה בדיור ללוחמים	הנחה בהגרלות דירה בהנחה ללוחמים משוחררים.	Combat Veterans Housing Discount Law	Priority and discounts in subsidized housing lotteries for discharged combat soldiers.	قانون خصم السكن للمقاتلين	خصم وأولوية في قرعات السكن المدعوم للمقاتلين المسرّحين.
L	🧠	0.1,-0.2,0	reservists:7,soldiers:5,families:3	b=defense:1;s=health:1	חוק הכרה מהירה בפוסט-טראומה	הכרה תוך 60 יום בנפגעי פוסט-טראומה וטיפול מיידי ללא בירוקרטיה.	Fast PTSD Recognition Law	Recognition within 60 days for PTSD casualties and immediate care without red tape.	قانون الاعتراف السريع باضطراب ما بعد الصدمة	الاعتراف خلال 60 يومًا بمصابي اضطراب ما بعد الصدمة وعلاج فوري دون بيروقراطية.
L	👪	0.2,0,0	reservists:6,families:5,selfEmployed:2	b=defense:0.7	חוק הגנה על בני זוג של מילואימניקים	הגנה מפני פיטורים ומענק סיוע לבני זוג של משרתי מילואים.	Reservists' Spouses Protection Law	Protection from dismissal and a support grant for spouses of reservists.	قانون حماية أزواج جنود الاحتياط	حماية من الفصل ومنحة دعم لأزواج جنود الاحتياط.
L	🏭	0.4,0.2,0	employees:3,periphery:3,highIncome:1	s=security:1	חוק עידוד הייצור הביטחוני המקומי	העדפת ייצור מקומי ברכש ביטחוני ותמריצים למפעלים בפריפריה.	Local Defense Manufacturing Law	Preference for local production in defense procurement and incentives for factories in the periphery.	قانون تشجيع التصنيع الدفاعي المحلي	تفضيل الإنتاج المحلي في المشتريات الدفاعية وحوافز للمصانع في الأطراف.
L	📋	0,0,0	liberals:3,center:3,reservists:2	s=security:1	חוק שקיפות ברכש הביטחוני	פרסום עסקאות רכש ביטחוני גדולות לוועדה סודית בכנסטון.	Defense Procurement Transparency Law	Large defense deals are reported to a confidential Knesseton committee.	قانون الشفافية في المشتريات الدفاعية	عرض صفقات المشتريات الدفاعية الكبرى على لجنة سرية في الكنيستون.
L	🕯️	0.1,0,0.1	families:6,reservists:3,religious:1	b=defense:0.5	חוק הנצחת הנופלים	תקציב קבוע לאתרי הנצחה ותמיכה במשפחות השכולות.	Fallen Soldiers Commemoration Law	A permanent budget for memorial sites and support for bereaved families.	قانون تخليد ذكرى القتلى	ميزانية ثابتة لمواقع التخليد ودعم العائلات الثكلى.
L	🚑	0.1,-0.1,0	reservists:5,soldiers:4,families:2	b=defense:0.8;s=health:1	חוק שיקום פצועי צה״ל	סל שיקום מורחב, דיור מונגש ותעסוקה לפצועי צה״ל.	IDF Wounded Rehabilitation Law	An expanded rehabilitation package, accessible housing and employment for wounded soldiers.	قانون إعادة تأهيل جرحى الجيش	سلة تأهيل موسعة وسكن مهيأ وتشغيل لجرحى الجيش.
L	🏘️	0.4,0,0.1	periphery:5,settlers:3,reservists:2	b=defense:0.6;s=security:1	חוק מיגון יישובי קו העימות	מימון ממ״דים ומקלטים בכל יישובי הגבול.	Frontline Communities Shelter Law	Funds safe rooms and shelters in every border community.	قانون تحصين بلدات خط المواجهة	تمويل غرف آمنة وملاجئ في جميع البلدات الحدودية.
L	👩‍✈️	0,0,-0.4	liberals:5,secular:3,soldiers:2,religious:-3	-	חוק שוויון הזדמנויות לחיילות	פתיחת כל התפקידים הקרביים לחיילות שעומדות בדרישות.	Equal Opportunity for Women Soldiers Law	Opens every combat role to women who meet the requirements.	قانون تكافؤ الفرص للمجندات	فتح جميع الأدوار القتالية للمجندات اللواتي يستوفين المتطلبات.
L	⏱️	0.2,0,0	reservists:6,employees:2,selfEmployed:3	b=defense:0.5	חוק פיצוי לעצמאים במילואים	פיצוי מוגדל לעצמאים על אובדן הכנסה בזמן שירות מילואים.	Self-Employed Reservists Compensation Law	Higher compensation for self-employed reservists for income lost during service.	قانون تعويض العاملين لحسابهم في الاحتياط	تعويض أكبر للعاملين لحسابهم عن خسارة الدخل أثناء خدمة الاحتياط.
L	🧾	0,0.2,0	middleClass:2,highIncome:1,reservists:-2	-	חוק תקרת פנסיה תקציבית בצבא	קביעת תקרה לפנסיות התקציביות של אנשי הקבע.	Military Budget Pension Cap Law	Sets a ceiling on budget-funded pensions for career officers.	قانون سقف المعاشات التقاعدية في الجيش	تحديد سقف للمعاشات التقاعدية الممولة من الميزانية لعسكريي الخدمة الدائمة.
L	🐕	0.3,0,0	soldiers:3,center:2,right:2	b=defense:0.3	חוק יחידות מתנדבים בגבולות	הקמת כיתות כוננות מתנדבים מאומנות ומצוידות בכל יישוב גבול.	Border Volunteer Units Law	Trained and equipped volunteer standby squads in every border community.	قانون وحدات المتطوعين على الحدود	إنشاء فرق تأهب من المتطوعين المدرّبين والمجهزين في كل بلدة حدودية.
R	🛡️	0.6,0,0	reservists:4,right:5,periphery:3,left:-3	b=defense:3;s=security:3	רפורמת הגנה רב-שכבתית לאומית	הרחבה משמעותית של מערכות היירוט והמיגון לכל רחבי המדינה.	National Multi-Layer Defense Reform	A major expansion of interception and protection systems nationwide.	إصلاح الدفاع الوطني متعدد الطبقات	توسيع كبير لمنظومات الاعتراض والحماية في جميع أنحاء البلاد.
R	⚙️	0.3,0.2,0	center:4,soldiers:3,reservists:3	s=security:2	רפורמת "צבא קטן וחכם"	קיצור שירות בתפקידים עורפיים, השקעה בטכנולוגיה וביחידות מובחרות.	"Small and Smart Army" Reform	Shorter service in rear roles and investment in technology and elite units.	إصلاح "جيش صغير وذكي"	تقصير الخدمة في الأدوار الخلفية والاستثمار في التكنولوجيا والوحدات النخبوية.
R	💵	0.2,-0.1,0	soldiers:6,reservists:3,families:3	b=defense:2.5	רפורמת "שכר לפי תרומה" בשירות החובה	שכר שונה ללוחמים, לתומכי לחימה ולעורף, משמעותית מעל הקיים.	"Pay by Contribution" Conscript Reform	Different pay for combat, combat support and rear roles, significantly above today.	إصلاح "الأجر حسب المساهمة" في الخدمة الإلزامية	أجور مختلفة للمقاتلين والدعم القتالي والجبهة الداخلية، أعلى بكثير من اليوم.
R	🔁	0.2,0,-0.2	reservists:10,secular:3,haredim:-4	b=defense:1	רפורמת חלוקת נטל המילואים	תקרה לימי מילואים בשנה והרחבת מאגר המשרתים.	Reserve Burden Sharing Reform	A yearly cap on reserve days and a broader pool of reservists.	إصلاح توزيع عبء الاحتياط	سقف سنوي لأيام الاحتياط وتوسيع قاعدة جنود الاحتياط.
R	🏢	0.1,0.3,0	middleClass:3,highIncome:2,publicSector:-4	-	רפורמת פינוי מחנות צה״ל ממרכזי הערים	העברת בסיסים לנגב ושחרור הקרקעות לדיור ולתעסוקה.	IDF Bases Relocation Reform	Moves bases to the Negev and frees the land for housing and jobs.	إصلاح نقل معسكرات الجيش من مراكز المدن	نقل القواعد إلى النقب وتحرير الأراضي للسكن والتشغيل.
R	🧑‍💻	0.3,0.1,0	youth:4,students:3,highIncome:2	b=defense:1;s=security:1	רפורמת מסלולי טכנולוגיה בשירות	הכשרה טכנולוגית מוכרת אקדמית לכל מתגייס שמתאים לה.	Tech Tracks in Service Reform	Academically recognized tech training for every suitable recruit.	إصلاح المسارات التكنولوجية في الخدمة	تأهيل تكنولوجي معترف به أكاديميًا لكل مجنّد مناسب.
R	🏥	0.1,-0.2,0	reservists:6,soldiers:4,families:3	b=defense:1.5;s=health:2	רפורמת אגף השיקום	הקמה מחדש של אגף השיקום כגוף שירות עם מנהל תיק אישי לכל פצוע.	Rehabilitation Division Reform	Rebuilds the rehabilitation division as a service body with a personal case manager for each casualty.	إصلاح قسم إعادة التأهيل	إعادة بناء قسم التأهيل كهيئة خدمات مع مدير ملف شخصي لكل جريح.
R	🎯	0.5,0,0	right:4,reservists:3,settlers:2,left:-2	b=defense:2;s=security:2	רפורמת מוכנות היבשה	שיפור מלאי התחמושת, אימונים ואמצעי לחימה לכוחות היבשה.	Ground Forces Readiness Reform	Better ammunition stocks, training and equipment for ground forces.	إصلاح جاهزية القوات البرية	تحسين مخزون الذخيرة والتدريبات والوسائل القتالية للقوات البرية.
R	🧭	-0.1,0,0	center:5,liberals:3,reservists:3,right:-1	-	רפורמת הפיקוח האזרחי על הצבא	חיזוק ועדת החוץ והביטחון ומבקר מערכת הביטחון.	Civilian Oversight of the Army Reform	Strengthens the Foreign Affairs and Defense Committee and the defense system auditor.	إصلاح الرقابة المدنية على الجيش	تعزيز لجنة الخارجية والأمن ومراقب المنظومة الأمنية.
R	🏗️	0.3,0.2,0	employees:4,periphery:4,highIncome:2	s=security:1	רפורמת התעשיות הביטחוניות	מיזוג והפרטה חלקית של התעשיות הביטחוניות הממשלתיות.	Defense Industries Reform	Merger and partial privatization of the state defense industries.	إصلاح الصناعات الدفاعية	دمج وخصخصة جزئية للصناعات الدفاعية الحكومية.
R	🤝	0.2,-0.1,-0.1	soldiers:5,arabs:3,olim:3,periphery:2	b=defense:1	רפורמת שירות לאומי-אזרחי לכולם	מסלול שירות אזרחי לכל מי שלא מתגייס, עם הכרה מלאה.	National Civil Service for All Reform	A civil service track for everyone who doesn't enlist, with full recognition.	إصلاح الخدمة الوطنية المدنية للجميع	مسار خدمة مدنية لكل من لا يتجند، مع اعتراف كامل.
R	📡	0.6,0,0	right:3,center:2,reservists:2	b=defense:2;s=security:2	רפורמת הגנת הגבולות החכמה	מכשול טכנולוגי, חיישנים ותצפיות בכל גבולות המדינה.	Smart Border Defense Reform	A technological barrier, sensors and observation along all the borders.	إصلاح الدفاع الذكي عن الحدود	حاجز تكنولوجي وأجهزة استشعار ومراقبة على جميع الحدود.
R	🧓	0.1,-0.2,0	retirees:4,reservists:3,elderly:2	b=defense:1	רפורמת זכויות ותיקי הלוחמים	הטבות קבועות בבריאות, תחבורה ומיסוי למי ששירתו כלוחמים.	Combat Veterans' Rights Reform	Permanent health, transport and tax benefits for those who served in combat.	إصلاح حقوق المقاتلين القدامى	امتيازات دائمة في الصحة والنقل والضرائب لمن خدموا كمقاتلين.
R	📦	0.4,0.1,0	center:3,reservists:3,employees:2	b=defense:1.5;s=security:1	רפורמת מלאי חירום לאומי	מחסני חירום של תחמושת, דלק, מזון ותרופות לשנה.	National Emergency Stockpile Reform	Emergency stores of ammunition, fuel, food and medicine for a full year.	إصلاح المخزون الوطني للطوارئ	مخازن طوارئ للذخيرة والوقود والغذاء والأدوية لمدة عام.
R	🏫	0.2,0,0.1	youth:4,periphery:3,soldiers:2	b=defense:0.8	רפורמת מכינות קדם-צבאיות	הרחבת מכינות קדם-צבאיות לפריפריה ולכל המגזרים.	Pre-Military Academies Reform	Expands pre-military academies to the periphery and to every sector.	إصلاح المعاهد التحضيرية للجيش	توسيع المعاهد التحضيرية للخدمة العسكرية إلى الأطراف وجميع القطاعات.
