L	🌍	0,0,0.1	center:3,olim:3	b=government:0.3	חוק תגלית מורחב	מימון מסעות לצעירים יהודים מהעולם.	Expanded Birthright Law	Funds trips for young Jews from around the world.	قانون تغليت الموسّع	تمويل رحلات للشباب اليهود من أنحاء العالم.
L	🛡️	0,0,0	center:3,olim:2	b=government:0.3	חוק אבטחת קהילות בעולם	סיוע באבטחת מוסדות יהודיים בחו״ל.	Communities Security Abroad Law	Helps secure Jewish institutions abroad.	قانون تأمين الجاليات في العالم	المساعدة في تأمين المؤسسات اليهودية في الخارج.
L	🎓	0,0,0.1	students:3,olim:2	b=education:0.2	חוק לימודים בישמעאל לצעירי התפוצות	מלגות לסטודנטים יהודים מחו״ל.	Study in Yishmael for Diaspora Youth Law	Scholarships for Jewish students from abroad.	قانون الدراسة في يشمعيل لشباب الشتات	منح للطلاب اليهود من الخارج.
L	📚	0,0,0.2	religious:3,center:2	b=education:0.2	חוק שליחי חינוך	מורים ושליחים לבתי ספר יהודיים בעולם.	Education Emissaries Law	Teachers and emissaries for Jewish schools worldwide.	قانون مبعوثي التعليم	معلمون ومبعوثون للمدارس اليهودية في العالم.
L	🚫	0.1,0,0	center:3,right:2	-	חוק דיווח על אנטישמיות	מעקב שנתי ודוח לכנסטון על אנטישמיות בעולם.	Antisemitism Reporting Law	An annual report to the Knesseton on global antisemitism.	قانون الإبلاغ عن معاداة السامية	تقرير سنوي للكنيستون عن معاداة السامية في العالم.
L	💻	0,0,0	youth:3,center:2	b=government:0.2	חוק פלטפורמה דיגיטלית לתפוצות	תוכן בעברית ותרבות ישמעאלית ברשת.	Digital Platform for the Diaspora Law	Hebrew content and Yishmaeli culture online.	قانون منصة رقمية للشتات	محتوى بالعبرية وثقافة يشمعيلية على الإنترنت.
L	🤝	0,0,0	center:3,liberals:2	-	חוק מועצה ציבורית לקשר עם התפוצות	ייצוג קהילות העולם בהתייעצות עם הממשלה.	Diaspora Public Council Law	Represents world communities in consultations with the government.	قانون المجلس العام للعلاقة مع الشتات	تمثيل جاليات العالم في التشاور مع الحكومة.
L	🏫	0,0,0.1	olim:3,center:2	b=education:0.2	חוק עברית לקהילות	מימון לימודי עברית בקהילות בעולם.	Hebrew for Communities Law	Funds Hebrew studies in communities worldwide.	قانون العبرية للجاليات	تمويل دراسة العبرية في الجاليات حول العالم.
L	🎖️	0,0,0	olim:4,youth:2	-	חוק התנדבות מחו״ל	מסלול התנדבות לשנה לצעירים יהודים.	Volunteering From Abroad Law	A one-year volunteer track for young Jews.	قانون التطوع من الخارج	مسار تطوع لمدة عام للشباب اليهود.
L	🕍	0,0,0.2	religious:3,center:2	-	חוק תמיכה בקהילות קטנות	סיוע לקהילות יהודיות קטנות ונידחות.	Small Communities Support Law	Helps small and remote Jewish communities.	قانون دعم الجاليات الصغيرة	مساعدة الجاليات اليهودية الصغيرة والنائية.
L	🗳️	0,0,0	olim:2,center:2,right:-1	-	חוק השתתפות אזרחים בחו״ל	הצבעה בקלפיות בשגרירויות לאזרחים בחו״ל.	Citizens Abroad Participation Law	Voting at embassy polling stations for citizens abroad.	قانون مشاركة المواطنين في الخارج	التصويت في السفارات للمواطنين في الخارج.
L	🧳	0,0,0	center:3,olim:2	-	חוק עידוד תושבים חוזרים	הטבות לישמעאלים שחוזרים לגור בארץ.	Returning Residents Incentive Law	Benefits for Yishmaelis returning to live in the country.	قانون تشجيع المقيمين العائدين	امتيازات لليشمعيليين العائدين للعيش في البلاد.
L	🎭	0,0,0	liberals:3,center:2	b=culture:0.2	חוק תרבות ישמעאלית בעולם	הופעות ותערוכות בקהילות בחו״ל.	Yishmaeli Culture Abroad Law	Performances and exhibitions in communities abroad.	قانون الثقافة اليشمعيلية في العالم	عروض ومعارض في الجاليات في الخارج.
L	⚖️	0,0,0	center:3,liberals:2	-	חוק סיוע משפטי נגד הסתה	ליווי משפטי לקהילות שנפגעות מהסתה.	Legal Aid Against Incitement Law	Legal support for communities hurt by incitement.	قانون المساعدة القانونية ضد التحريض	مرافقة قانونية للجاليات المتضررة من التحريض.
L	📖	0,0,0.1	center:3,religious:2	-	חוק יום התפוצות	יום ציון לקשר עם יהדות העולם.	Diaspora Day Law	A day marking the bond with world Jewry.	قانون يوم الشتات	يوم لإحياء العلاقة مع يهود العالم.
R	🌐	0,0,0.1	center:4,olim:3	b=government:1	רפורמת "עם אחד"	תוכנית לאומית לחיזוק הקשר עם יהדות העולם.	"One People" Reform	A national program strengthening the bond with world Jewry.	إصلاح "شعب واحد"	برنامج وطني لتعزيز العلاقة مع يهود العالم.
R	🛡️	0.1,0,0	center:4,right:2	b=government:1	רפורמת המאבק העולמי באנטישמיות	מטה לאומי, שיתוף מודיעין וחקיקה במדינות ידידות.	Global Fight Against Antisemitism Reform	A national HQ, intelligence sharing and laws in friendly countries.	إصلاح المكافحة العالمية لمعاداة السامية	مقر وطني وتبادل استخباري وتشريعات في الدول الصديقة.
R	🎓	0,0,0.1	students:4,youth:3	b=education:1	רפורמת חינוך יהודי בעולם	מימון רשת בתי ספר יהודיים בקהילות.	Jewish Education Worldwide Reform	Funds a network of Jewish schools in communities.	إصلاح التعليم اليهودي في العالم	تمويل شبكة مدارس يهودية في الجاليات.
R	🤝	0,0,-0.2	liberals:4,center:3,haredim:-2	-	רפורמת פלורליזם יהודי	הכרה בכל הזרמים כחלק מהקשר עם התפוצות.	Jewish Pluralism Reform	Recognizes all streams as part of the diaspora bond.	إصلاح التعددية اليهودية	الاعتراف بجميع التيارات كجزء من العلاقة مع الشتات.
R	🧳	0,0,0	youth:4,olim:3	b=government:0.8	רפורמת שנת שירות לצעירי התפוצות	שנת שירות בישמעאל עם מלגה.	Diaspora Youth Service Year Reform	A year of service in Yishmael with a stipend.	إصلاح سنة الخدمة لشباب الشتات	سنة خدمة في يشمعيل مع منحة.
R	💼	0,0.1,0	highIncome:3,center:2	-	רפורמת רשת עסקית עולמית	חיבור עסקים ישמעאלים ליזמים יהודים בעולם.	Global Business Network Reform	Connects Yishmaeli businesses with Jewish entrepreneurs worldwide.	إصلاح الشبكة التجارية العالمية	ربط الأعمال اليشمعيلية برواد الأعمال اليهود في العالم.
R	📡	0.1,0,0	center:3,youth:3	b=government:0.8	רפורמת הסברה בקהילות	הכשרת שגרירים צעירים בקהילות ובקמפוסים.	Community Advocacy Reform	Trains young ambassadors in communities and on campuses.	إصلاح الدبلوماسية في الجاليات	تأهيل سفراء شباب في الجاليات والجامعات.
R	🏛️	0,0,0	center:4,olim:2	-	רפורמת מוסד מייצג לתפוצות	גוף מייעץ קבוע ליד הממשלה.	Diaspora Representative Body Reform	A permanent advisory body to the government.	إصلاح الهيئة التمثيلية للشتات	هيئة استشارية دائمة لدى الحكومة.
R	🌍	0,0,0.1	center:3,olim:3	b=government:0.8	רפורמת קהילות בסיכון	תוכנית חילוץ וסיוע לקהילות בסכנה.	Communities at Risk Reform	Evacuation and aid programs for communities in danger.	إصلاح الجاليات المعرضة للخطر	برامج إجلاء ومساعدة للجاليات المعرضة للخطر.
R	🎭	0,0,0	liberals:3,center:3	b=culture:0.8	רפורמת גשרי תרבות	תוכניות תרבות משותפות לישמעאל ולתפוצות.	Cultural Bridges Reform	Joint cultural programs for Yishmael and the diaspora.	إصلاح جسور الثقافة	برامج ثقافية مشتركة ليشمعيل والشتات.
R	💻	0,0,0	youth:4,center:2	b=government:0.6	רפורמת בית ישמעאלי וירטואלי	פלטפורמה ללימוד, תרבות ומפגשים מקוונים.	Virtual Yishmaeli Home Reform	A platform for learning, culture and online meetings.	إصلاح البيت اليشمعيلي الافتراضي	منصة للتعلم والثقافة واللقاءات عبر الإنترنت.
R	🎓	0,0,0	students:4,center:2	b=education:0.6	רפורמת קמפוסים בטוחים	סיוע לסטודנטים יהודים שנפגעים בקמפוסים.	Safe Campuses Reform	Supports Jewish students harmed on campuses.	إصلاح الجامعات الآمنة	دعم الطلاب اليهود المتضررين في الجامعات.
R	🕍	0,0,0.3	religious:4,haredim:2	b=government:0.6	רפורמת רבנים לקהילות	הכשרת רבנים ושליחים לקהילות בעולם.	Rabbis for Communities Reform	Trains rabbis and emissaries for world communities.	إصلاح الحاخامات للجاليات	تأهيل حاخامات ومبعوثين لجاليات العالم.
R	📜	0,0,0	center:3,liberals:2	-	רפורמת אמנה עם יהדות העולם	מסמך עקרונות משותף לישמעאל וליהדות העולם.	Covenant with World Jewry Reform	A shared statement of principles for Yishmael and world Jewry.	إصلاح ميثاق مع يهود العالم	وثيقة مبادئ مشتركة ليشمعيل ويهود العالم.
R	🤲	0,0,0	center:3,olim:2	b=government:0.6	רפורמת שותפות קהילות	תאומות בין ערים בישמעאל לקהילות בעולם.	Community Partnership Reform	Twinning between cities in Yishmael and communities worldwide.	إصلاح شراكة الجاليات	توأمة بين مدن في يشمعيل وجاليات في العالم.
