L	🏙️	0,0,0	center:3,religious:2	b=government:0.4	חוק מענק בירה לירושלים	מענק שנתי לעירייה לשירותים ולתשתיות.	Jerusalem Capital Grant Law	An annual grant to the city for services and infrastructure.	قانون منحة العاصمة للقدس	منحة سنوية للبلدية للخدمات والبنية التحتية.
L	🏢	0,0.2,0	youth:3,employees:3	-	חוק העברת יחידות ממשלה לירושלים	העברת יחידות ממשלה נוספות לעיר.	Government Units to Jerusalem Law	Moves more government units to the city.	قانون نقل وحدات حكومية إلى القدس	نقل وحدات حكومية إضافية إلى المدينة.
L	🧑‍💻	0,0.2,0	youth:4,highIncome:2	-	חוק עידוד הייטק בירושלים	הטבות מס לחברות טכנולוגיה שעוברות לעיר.	Jerusalem High-Tech Incentive Law	Tax benefits for tech companies that move to the city.	قانون تشجيع التكنولوجيا العالية في القدس	امتيازات ضريبية لشركات التكنولوجيا التي تنتقل إلى المدينة.
L	🎓	0,0,0	students:5,youth:3	b=education:0.3	חוק דיור לסטודנטים בירושלים	מעונות סטודנטים ומלגת מגורים בעיר.	Jerusalem Student Housing Law	Student dorms and a housing grant in the city.	قانون سكن الطلاب في القدس	مساكن طلابية ومنحة سكن في المدينة.
L	🚋	0,0,0	center:3,youth:2	b=transport:0.4	חוק קווי רכבת קלה בירושלים	הקמת קווים נוספים של הרכבת הקלה.	Jerusalem Light Rail Lines Law	Builds more light rail lines.	قانون خطوط القطار الخفيف في القدس	إنشاء خطوط إضافية للقطار الخفيف.
L	🕌	-0.3,-0.2,0	arabs:6,left:3,right:-2	b=government:0.5	חוק שירותים במזרח ירושלים	השקעה בחינוך, בכבישים ובתשתיות במזרח העיר.	East Jerusalem Services Law	Investment in education, roads and infrastructure in the east of the city.	قانون الخدمات في القدس الشرقية	استثمار في التعليم والطرق والبنية التحتية في شرق المدينة.
L	🏛️	0,0,0.2	religious:3,center:2	b=culture:0.3	חוק אתרי מורשת בירושלים	שימור ופיתוח אתרי מורשת בעיר העתיקה.	Jerusalem Heritage Sites Law	Preserves and develops heritage sites in the Old City.	قانون مواقع التراث في القدس	الحفاظ على مواقع التراث في البلدة القديمة وتطويرها.
L	🏘️	0,0.2,0	youth:4,families:2	-	חוק בנייה לגובה בירושלים	הקלות לבנייה לגובה במרכז העיר.	Jerusalem High-Rise Building Law	Eases high-rise building in the city center.	قانون البناء العالي في القدس	تسهيلات للبناء العالي في مركز المدينة.
L	🎭	0,0,0	liberals:3,youth:3	b=culture:0.3	חוק תרבות ואירועים בירושלים	מימון פסטיבלים ואירועי תרבות בעיר.	Jerusalem Culture and Events Law	Funds festivals and cultural events in the city.	قانون الثقافة والفعاليات في القدس	تمويل المهرجانات والفعاليات الثقافية في المدينة.
L	🌳	0,0,0	families:3,center:2	b=government:0.2	חוק פארק המסילה והגנים	הרחבת שטחים ירוקים ושבילים בעיר.	Jerusalem Parks Law	Expands green spaces and paths in the city.	قانون الحدائق في القدس	توسيع المساحات الخضراء والمسارات في المدينة.
L	🛡️	0.3,0,0	right:3,center:2	b=police:0.4	חוק ביטחון בירושלים	תגבור כוחות ביטחון ומצלמות בעיר.	Jerusalem Security Law	More security forces and cameras in the city.	قانون الأمن في القدس	تعزيز قوات الأمن والكاميرات في المدينة.
L	🧳	0,0,0	selfEmployed:3,employees:2	b=government:0.2	חוק תיירות בירושלים	קידום תיירות ומלונות בעיר.	Jerusalem Tourism Law	Promotes tourism and hotels in the city.	قانون السياحة في القدس	تعزيز السياحة والفنادق في المدينة.
L	👨‍👩‍👧	0,-0.1,0	families:4,youth:2	-	חוק מענק משפחות צעירות בירושלים	מענק למשפחות צעירות שעוברות לעיר.	Young Families Jerusalem Grant Law	A grant for young families who move to the city.	قانون منحة العائلات الشابة في القدس	منحة للعائلات الشابة التي تنتقل إلى المدينة.
L	📚	0,0,0.3	religious:4,haredim:2	b=culture:0.2	חוק מורשת ישראל בבתי הספר	סיורים ותוכניות לימוד על מורשת העיר.	Israeli Heritage in Schools Law	Tours and curricula about the city's heritage.	قانون التراث في المدارس	جولات ومناهج عن تراث المدينة.
L	🚌	0,0,0	center:3,haredim:2	b=transport:0.3	חוק נתיבי תחבורה ציבורית בירושלים	נתיבים ייעודיים בכל הצירים הראשיים.	Jerusalem Bus Lanes Law	Dedicated lanes on all main routes.	قانون مسارات الحافلات في القدس	مسارات مخصصة على جميع المحاور الرئيسية.
R	🏙️	0,0.2,0	youth:5,center:3,employees:2	b=government:1.5	רפורמת "ירושלים צומחת"	תוכנית חומש לתעסוקה, דיור וצמצום העזיבה מהעיר.	"Jerusalem Grows" Reform	A five-year plan for jobs, housing and fewer people leaving the city.	إصلاح "القدس تنمو"	خطة خمسية للتشغيل والسكن وتقليل الهجرة من المدينة.
R	🕌	-0.3,-0.2,0	arabs:7,left:3,center:2,right:-3	b=government:1.5	רפורמת צמצום הפערים במזרח ירושלים	תוכנית רב-שנתית לחינוך, תעסוקה ותשתיות.	East Jerusalem Gaps Reform	A multi-year plan for education, jobs and infrastructure.	إصلاح تقليص الفجوات في القدس الشرقية	خطة متعددة السنوات للتعليم والتشغيل والبنية التحتية.
R	🏛️	0.4,0,0.4	right:5,religious:4,settlers:3,left:-5	-	רפורמת "ירושלים רבתי"	הרחבת גבולות העיר ליישובים הסמוכים.	"Greater Jerusalem" Reform	Expands the city's boundaries to nearby communities.	إصلاح "القدس الكبرى"	توسيع حدود المدينة لتشمل البلدات المجاورة.
R	🚇	0,0,0	center:4,youth:3	b=transport:1.5	רפורמת התחבורה בירושלים	רכבת מהירה לתל אביב ומערך רכבות קלות מלא.	Jerusalem Transport Reform	A fast train to Tel Aviv and a full light rail network.	إصلاح النقل في القدس	قطار سريع إلى تل أبيب وشبكة قطارات خفيفة كاملة.
R	🧑‍💻	0,0.2,0	youth:4,highIncome:2,haredim:2	b=government:1	רפורמת רובע החדשנות	מתחם הייטק ומחקר עם מעונות ומגורים.	Innovation District Reform	A high-tech and research hub with dorms and housing.	إصلاح حي الابتكار	مجمع تكنولوجيا وبحث مع مساكن طلابية وسكن.
R	🏛️	0,0,0.3	religious:4,center:3	b=culture:1	רפורמת העיר העתיקה	שימור, נגישות ופיתוח תיירותי בעיר העתיקה.	Old City Reform	Preservation, accessibility and tourism development in the Old City.	إصلاح البلدة القديمة	الحفاظ والإتاحة والتطوير السياحي في البلدة القديمة.
R	🏘️	0,0.2,0	youth:4,families:4	b=housing:1	רפורמת הדיור בירושלים	תוכנית לבניית 50 אלף דירות בעיר.	Jerusalem Housing Reform	A plan to build 50,000 homes in the city.	إصلاح السكن في القدس	خطة لبناء 50 ألف شقة في المدينة.
R	🎓	0,0,0	students:4,youth:3	b=education:1	רפורמת ירושלים עיר אקדמית	הרחבת האוניברסיטאות ומלגות לסטודנטים שנשארים בעיר.	Jerusalem Academic City Reform	Expands universities and grants students who stay in the city.	إصلاح القدس مدينة أكاديمية	توسيع الجامعات ومنح للطلاب الذين يبقون في المدينة.
R	🤝	-0.2,0,0	arabs:4,center:3,liberals:2	b=government:0.8	רפורמת חיים משותפים בירושלים	מרכזים משותפים, שפה ותעסוקה לכל תושבי העיר.	Shared Life in Jerusalem Reform	Shared centers, language and jobs for all city residents.	إصلاح الحياة المشتركة في القدس	مراكز مشتركة ولغة وتشغيل لجميع سكان المدينة.
R	🕍	0,0,0.4	haredim:5,religious:3	b=housing:1	רפורמת דיור לציבור החרדי בירושלים	שכונות חדשות לחרדים בעיר.	Haredi Housing in Jerusalem Reform	New neighborhoods for Haredim in the city.	إصلاح السكن للحريديم في القدس	أحياء جديدة للحريديم في المدينة.
R	🏢	0,0.1,0	center:3,employees:3	b=government:0.8	רפורמת קריית הממשלה	ריכוז כל משרדי הממשלה בקריה אחת בירושלים.	Government Campus Reform	All ministries concentrated in one campus in Jerusalem.	إصلاح المجمع الحكومي	تجميع كل الوزارات في مجمع واحد في القدس.
R	🧳	0,0,0	selfEmployed:3,employees:3	b=government:0.8	רפורמת תיירות לירושלים	מלונות חדשים, מרכז כנסים וקמפיין עולמי.	Jerusalem Tourism Reform	New hotels, a convention center and a global campaign.	إصلاح السياحة للقدس	فنادق جديدة ومركز مؤتمرات وحملة عالمية.
R	🌳	0,0,0	families:3,liberals:2	b=government:0.8	רפורמת ירושלים ירוקה	טבעת ירוקה, פארקים ושמירה על הרי ירושלים.	Green Jerusalem Reform	A green ring, parks and protection of the Jerusalem hills.	إصلاح القدس الخضراء	حزام أخضر وحدائق وحماية جبال القدس.
R	🛡️	0.3,0,0	right:3,center:3	b=police:1	רפורמת הביטחון האישי בירושלים	שיטור קהילתי ותגבור כוחות בכל השכונות.	Personal Security in Jerusalem Reform	Community policing and more forces in every neighborhood.	إصلاح الأمن الشخصي في القدس	شرطة مجتمعية وتعزيز القوات في كل الأحياء.
R	📜	0,0,0.3	religious:4,right:2,center:2	b=culture:0.8	רפורמת מוזיאון המורשת הלאומי	מוזיאון לאומי למורשת ישראל בירושלים.	National Heritage Museum Reform	A national museum of Jewish heritage in Jerusalem.	إصلاح متحف التراث الوطني	متحف وطني للتراث اليهودي في القدس.
