L	⏳	0,0,0	center:4,liberals:3,middleClass:2	b=government:0.4	חוק קיצור משך ההליכים בבתי המשפט	מינוי שופטים נוספים ויעדי זמן מחייבים לפסקי דין.	Shorter Court Proceedings Law	More judges and binding time targets for rulings.	قانون تقصير مدة الإجراءات في المحاكم	تعيين قضاة إضافيين وأهداف زمنية ملزمة للأحكام.
L	🧑‍⚖️	0,-0.2,0	lowIncome:5,arabs:2,socialists:2	b=government:0.4	חוק הרחבת הסיוע המשפטי	ייצוג משפטי חינם בתיקים אזרחיים לבעלי הכנסה נמוכה.	Expanded Legal Aid Law	Free legal representation in civil cases for low-income people.	قانون توسيع المساعدة القانونية	تمثيل قانوني مجاني في القضايا المدنية لذوي الدخل المنخفض.
L	💔	0,0,-0.2	families:4,liberals:3,secular:2,religious:-1	-	חוק גישור חובה בגירושין	גישור כשלב ראשון בסכסוכי גירושין לפני הגשת תביעה.	Mandatory Divorce Mediation Law	Mediation as a first step in divorce disputes before filing a suit.	قانون الوساطة الإلزامية في الطلاق	الوساطة كمرحلة أولى في نزاعات الطلاق قبل رفع الدعوى.
L	🔒	0,0,0	liberals:5,center:3,youth:3	-	חוק הגנת הפרטיות המעודכן	עדכון חוק הפרטיות לעידן המידע, כולל קנסות למאגרים שדולפים.	Updated Privacy Protection Law	Updates privacy law for the information age, including fines for leaking databases.	قانون حماية الخصوصية المحدّث	تحديث قانون الخصوصية لعصر المعلومات، بما في ذلك غرامات على قواعد البيانات المسربة.
L	👩	0,0,0	families:4,liberals:4,center:3	b=government:0.3	חוק אזיקים אלקטרוניים לאלימות במשפחה	פיקוח אלקטרוני על גברים אלימים שהוצא נגדם צו הרחקה.	Electronic Monitoring for Domestic Violence Law	Electronic monitoring of violent offenders under a restraining order.	قانون الأساور الإلكترونية للعنف الأسري	مراقبة إلكترونية للمعتدين الخاضعين لأمر إبعاد.
L	📝	0,0,0	center:3,liberals:2,selfEmployed:2	-	חוק תובענות ייצוגיות הוגנות	סינון תביעות סרק והגנה על צרכנים שנפגעו באמת.	Fair Class Actions Law	Filters out frivolous suits and protects consumers who were really harmed.	قانون الدعاوى الجماعية العادلة	تصفية الدعاوى الكيدية وحماية المستهلكين المتضررين فعلًا.
L	🏚️	0,-0.1,0	lowIncome:4,families:2	-	חוק מחיקת חובות לחייבים בני 70 ומעלה	הליך מקוצר להפטר מחובות לקשישים חסרי יכולת.	Debt Discharge for Ages 70+ Law	A shortened discharge procedure for elderly insolvent debtors.	قانون إعفاء المدينين من سن 70 فما فوق	إجراء مختصر لإعفاء كبار السن المعسرين من الديون.
L	🧒	0,0,0	families:4,liberals:2,center:2	-	חוק עדות ילדים מוגנת	חדרי חקירה מותאמים ועדות מוקלטת לקטינים נפגעי עבירה.	Protected Child Testimony Law	Child-friendly interview rooms and recorded testimony for minor victims.	قانون شهادة الأطفال المحمية	غرف تحقيق ملائمة وشهادة مسجّلة للقاصرين ضحايا الجرائم.
L	🗂️	0,0,0	youth:4,center:2,liberals:2	-	חוק מחיקת רישום פלילי לעבירות קלות	מחיקה מוקדמת של רישום על עבירות קלות שבוצעו בצעירות.	Expungement of Minor Offenses Law	Early expungement of minor offenses committed when young.	قانون محو السجل الجنائي للمخالفات البسيطة	محو مبكر لسجل المخالفات البسيطة المرتكبة في سن الشباب.
L	💻	0,0,0	center:4,youth:2,middleClass:2	b=government:0.3	חוק בית המשפט הדיגיטלי	הגשת מסמכים ודיונים קצרים במערכת מקוונת.	Digital Court Law	Online filing of documents and short hearings.	قانون المحكمة الرقمية	تقديم المستندات وجلسات قصيرة عبر منظومة إلكترونية.
L	🏠	0,-0.1,0	lowIncome:3,youth:3,families:2	-	חוק הגנה על שוכרי דירות	חוזה שכירות אחיד, פיקדון מוגבל והגנה מפני פינוי פתאומי.	Tenant Protection Law	A standard lease, limited deposits and protection from sudden eviction.	قانون حماية مستأجري الشقق	عقد إيجار موحد وتأمين محدود وحماية من الإخلاء المفاجئ.
L	🎗️	0,0,0	families:4,center:3	-	חוק פיצוי לנפגעי עבירה	קרן ממלכתית שמשלמת לנפגעים ותובעת את הפוגע.	Crime Victims Compensation Law	A state fund that pays victims and recovers the money from offenders.	قانون تعويض ضحايا الجرائم	صندوق حكومي يدفع للضحايا ويطالب الجاني بالتعويض.
L	🖋️	0,0.1,0	selfEmployed:3,center:2	-	חוק חתימה דיגיטלית ונוטריון מקוון	הכרה מלאה בחתימה דיגיטלית ובאימות נוטריוני מרחוק.	Digital Signature and Online Notary Law	Full recognition of digital signatures and remote notarization.	قانون التوقيع الرقمي والكاتب العدل الإلكتروني	اعتراف كامل بالتوقيع الرقمي والتوثيق عن بعد.
L	🚫	0.1,0,0	center:4,right:2,liberals:2	-	חוק החמרת הענישה על שוחד	עונשים כבדים יותר על שוחד ציבורי וחילוט רווחים.	Harsher Bribery Penalties Law	Heavier sentences for public bribery and forfeiture of proceeds.	قانون تشديد العقوبة على الرشوة	عقوبات أشد على الرشوة العامة ومصادرة العائدات.
L	🌐	0,0,0	youth:4,families:3,liberals:2	-	חוק הסרת תכנים פוגעניים ברשת	הליך מהיר להסרת תמונות אינטימיות והשמצות מהרשת.	Harmful Online Content Removal Law	A fast procedure to remove intimate images and defamation online.	قانون إزالة المحتوى المسيء عبر الإنترنت	إجراء سريع لإزالة الصور الحميمة والتشهير من الإنترنت.
R	⚖️	0.2,0,0.3	right:6,religious:3,left:-6,liberals:-5	-	רפורמת ההרכב של הוועדה לבחירת שופטים	שינוי ההרכב כך שלנציגי הציבור יהיה רוב.	Judicial Selection Committee Reform	Changes the committee's makeup so that elected representatives hold a majority.	إصلاح تشكيلة لجنة اختيار القضاة	تغيير التشكيلة بحيث تكون الأغلبية لممثلي الجمهور.
R	🏛️	-0.1,0,-0.1	center:5,liberals:5,left:3,right:-2	-	רפורמת חוקה בהסכמה רחבה	חוק יסוד: החקיקה, שמסדיר את היחסים בין הכנסטון לבית המשפט, ברוב של 80.	Broad-Consensus Constitution Reform	Basic Law: Legislation, regulating the Knesseton-court relationship, passed by 80 votes.	إصلاح دستوري بتوافق واسع	قانون أساس: التشريع، الذي ينظم العلاقة بين الكنيستون والمحكمة، بأغلبية 80.
R	👨‍⚖️	0.1,0,0.1	right:4,center:2,liberals:-3	-	רפורמת פיצול תפקיד היועץ המשפטי לממשלה	הפרדה בין התביעה הכללית לבין הייעוץ המשפטי לממשלה.	Attorney General Role Split Reform	Separates the public prosecution from legal advice to the government.	إصلاح فصل دور المستشار القضائي للحكومة	الفصل بين النيابة العامة والاستشارة القانونية للحكومة.
R	⏩	0,0,0	center:5,middleClass:3,selfEmployed:3	b=government:1.2	רפורמת מערכת המשפט היעילה	הגדלת מספר השופטים ב-30% ובתי משפט אזוריים חדשים.	Efficient Justice System Reform	30% more judges and new regional courts.	إصلاح منظومة القضاء الفعالة	زيادة عدد القضاة بنسبة 30% ومحاكم إقليمية جديدة.
R	🔓	0,0,0	liberals:4,center:3,arabs:2	b=government:0.8	רפורמת הענישה החלופית	ענישה בקהילה ושיקום במקום מאסר קצר לעבירות קלות.	Alternative Sentencing Reform	Community sentences and rehabilitation instead of short prison terms for minor offenses.	إصلاح العقوبات البديلة	عقوبات مجتمعية وإعادة تأهيل بدل السجن القصير للمخالفات البسيطة.
R	💍	0,0,-0.6	secular:8,liberals:6,left:3,haredim:-8,religious:-6	-	רפורמת ברית הזוגיות	מסלול אזרחי לנישואין ולגירושין לצד המסלול הדתי.	Civil Union Reform	A civil track for marriage and divorce alongside the religious one.	إصلاح الاتحاد المدني	مسار مدني للزواج والطلاق إلى جانب المسار الديني.
R	🕊️	0,0,0	families:4,center:3,liberals:2	b=government:0.6	רפורמת בתי משפט לענייני משפחה	מרכזי סיוע, עובדים סוציאליים וגישור בכל בית משפט למשפחה.	Family Courts Reform	Support centers, social workers and mediation in every family court.	إصلاح محاكم شؤون الأسرة	مراكز مساعدة وعاملون اجتماعيون ووساطة في كل محكمة أسرة.
R	📜	0.2,0,0.2	right:4,religious:3,liberals:-4	-	רפורמת פסקת ההתגברות המוגבלת	אפשרות לכנסטון לחוקק מחדש חוק שנפסל, ברוב של 70.	Limited Override Clause Reform	Lets the Knesseton re-enact a struck-down law with 70 votes.	إصلاح بند التغلب المحدود	إمكانية الكنيستون إعادة سنّ قانون أُلغي بأغلبية 70.
R	🔎	0,0,0	center:5,liberals:3,right:-1	-	רפורמת נציבות ביקורת על הפרקליטות	נציבות עצמאית עם סמכויות לבדוק תלונות על התביעה.	Prosecution Oversight Commission Reform	An independent commission empowered to examine complaints against prosecutors.	إصلاح مفوضية الرقابة على النيابة	مفوضية مستقلة بصلاحيات لفحص الشكاوى ضد النيابة.
R	🏗️	0,0.3,0	selfEmployed:4,highIncome:2,center:2	-	רפורמת חדלות פירעון לעסקים	הליך שיקום מהיר לעסקים קטנים בקשיים במקום פשיטת רגל.	Business Insolvency Reform	A fast rehabilitation procedure for struggling small businesses instead of bankruptcy.	إصلاح الإعسار للأعمال	إجراء تأهيل سريع للأعمال الصغيرة المتعثرة بدل الإفلاس.
R	🧑‍🤝‍🧑	0,0,0	arabs:4,lowIncome:3,liberals:3	b=government:0.5	רפורמת השוויון בגישה למשפט	סיוע משפטי, תרגום ובתי משפט נגישים בכל אזור.	Equal Access to Justice Reform	Legal aid, interpretation and accessible courts in every region.	إصلاح المساواة في الوصول إلى القضاء	مساعدة قانونية وترجمة ومحاكم متاحة في كل منطقة.
R	🗃️	0,0,0	center:4,liberals:3	b=government:0.6	רפורמת חוק חופש המידע	פרסום יזום של החלטות ממשלה ותקציבים במאגר פתוח.	Freedom of Information Reform	Proactive publication of government decisions and budgets in an open database.	إصلاح قانون حرية المعلومات	نشر استباقي لقرارات الحكومة والميزانيات في قاعدة بيانات مفتوحة.
R	🧭	0.1,0,0	right:3,center:3	-	רפורמת הגבלת עתירות ציבוריות	צמצום זכות העמידה בבג״ץ לנפגעים ישירים בלבד.	Public Petitions Standing Reform	Limits standing in the High Court to directly affected parties.	إصلاح تقييد الالتماسات العامة	حصر حق الالتماس للمحكمة العليا بالمتضررين المباشرين فقط.
R	🏢	0,0.1,0	center:4,highIncome:2,liberals:2	-	רפורמת דיני החברות וממשל תאגידי	הגנה על בעלי מניות מיעוט ושקיפות בשכר הבכירים.	Corporate Law and Governance Reform	Protects minority shareholders and makes executive pay transparent.	إصلاح قانون الشركات والحوكمة	حماية مساهمي الأقلية والشفافية في رواتب كبار المديرين.
R	🤖	0,0.1,0	youth:3,center:3,liberals:3	-	רפורמת חוק הבינה המלאכותית	כללי אחריות, שקיפות ופיקוח על מערכות בינה מלאכותית.	Artificial Intelligence Law Reform	Rules for liability, transparency and oversight of AI systems.	إصلاح قانون الذكاء الاصطناعي	قواعد للمسؤولية والشفافية والرقابة على أنظمة الذكاء الاصطناعي.
