L	💵	0,-0.4,0	lowIncome:6,employees:4,socialists:4,selfEmployed:-2	-	חוק העלאת שכר המינימום	העלאת שכר המינימום והצמדתו ל-60% מהשכר הממוצע.	Minimum Wage Increase Law	Raises the minimum wage and links it to 60% of the average wage.	قانون رفع الحد الأدنى للأجور	رفع الحد الأدنى للأجور وربطه بنسبة 60% من متوسط الأجر.
L	⏰	0,-0.2,0	employees:5,families:3	-	חוק שבוע עבודה מקוצר	מעבר הדרגתי לשבוע עבודה של 40 שעות.	Shorter Work Week Law	A gradual move to a 40-hour work week.	قانون أسبوع العمل المختصر	انتقال تدريجي إلى أسبوع عمل من 40 ساعة.
L	👶	0,-0.2,0	families:6,employees:3	b=welfare:0.6	חוק סבסוד מעונות יום	סבסוד מעונות לפי הכנסה לכל המשפחות העובדות.	Daycare Subsidy Law	Income-based daycare subsidies for all working families.	قانون دعم الحضانات	دعم الحضانات حسب الدخل لجميع العائلات العاملة.
L	🧑‍🔧	0,0,0	youth:3,employees:3	b=welfare:0.4	חוק שוברי הכשרה מקצועית	שובר הכשרה לכל עובד שמחליף מקצוע.	Vocational Training Voucher Law	A training voucher for every worker changing careers.	قانون قسائم التأهيل المهني	قسيمة تأهيل لكل عامل يغيّر مهنته.
L	🦺	0,0,0	employees:5,arabs:2	-	חוק בטיחות בעבודה	פיקוח מוגבר וקנסות כבדים על תאונות עבודה.	Workplace Safety Law	Stronger inspection and heavy fines for workplace accidents.	قانون السلامة في العمل	رقابة معززة وغرامات كبيرة على حوادث العمل.
L	🏠	0,-0.1,0	employees:3,families:2	-	חוק עבודה מהבית	הזכות לבקש עבודה מהבית יומיים בשבוע.	Right to Work From Home Law	The right to request two days a week of remote work.	قانون العمل من المنزل	الحق في طلب العمل من المنزل يومين في الأسبوع.
L	👩‍💼	0,-0.1,0	families:3,liberals:3	-	חוק שקיפות שכר בין המינים	פרסום פערי שכר בחברות גדולות וחובת צמצום.	Gender Pay Transparency Law	Large companies publish pay gaps and must close them.	قانون الشفافية في الأجور بين الجنسين	نشر فجوات الأجور في الشركات الكبرى وإلزام تقليصها.
L	🧓	0,0,0	elderly:4,retirees:3	-	חוק איסור אפליה בגיל	הגנה על עובדים מבוגרים מפני פיטורים בגלל גילם.	Age Discrimination Ban Law	Protects older workers from dismissal because of age.	قانون حظر التمييز على أساس العمر	حماية العمال الأكبر سنًا من الفصل بسبب أعمارهم.
L	📱	0,0,0	employees:3,families:2	-	חוק הזכות להתנתק	איסור לחייב עובד לענות להודעות אחרי שעות העבודה.	Right to Disconnect Law	Bans requiring workers to answer messages after hours.	قانون الحق في الانفصال	حظر إلزام العامل بالرد على الرسائل بعد ساعات العمل.
L	🛵	0,-0.2,0	youth:4,employees:3	-	חוק זכויות עובדי פלטפורמות	ביטוח וזכויות סוציאליות לשליחים ולנהגים.	Platform Workers' Rights Law	Insurance and social rights for couriers and drivers.	قانون حقوق عمال المنصات	تأمين وحقوق اجتماعية للسعاة والسائقين.
L	🤝	0,-0.2,0	publicSector:4,socialists:3,employees:2	-	חוק חיזוק ההתארגנות	הגנה על עובדים שמתארגנים בוועד.	Union Organizing Protection Law	Protects workers who organize a union.	قانون تعزيز التنظيم النقابي	حماية العمال الذين ينتظمون في لجنة عمال.
L	♿	0,0,0	families:3,employees:2	-	חוק תעסוקת אנשים עם מוגבלות	יעד של 5% עובדים עם מוגבלות בגופים גדולים.	Disability Employment Law	A 5% target for workers with disabilities in large bodies.	قانون تشغيل ذوي الإعاقة	هدف 5% من العاملين ذوي الإعاقة في الجهات الكبيرة.
L	🧑‍🎓	0,0,0	students:4,youth:3	-	חוק התמחות בשכר	תשלום חובה למתמחים ולסטודנטים בעבודה מעשית.	Paid Internship Law	Mandatory pay for interns and students in practical work.	قانون التدريب المدفوع	أجر إلزامي للمتدربين والطلاب في العمل التطبيقي.
L	📅	0,0,0	employees:4,families:2	-	חוק תוספת ימי חופשה	תוספת שלושה ימי חופשה שנתית לכל עובד.	Extra Vacation Days Law	Three more annual vacation days for every worker.	قانون أيام إجازة إضافية	ثلاثة أيام إجازة سنوية إضافية لكل عامل.
L	🔎	0,-0.1,0	employees:4,lowIncome:3	b=welfare:0.3	חוק אכיפת זכויות עובדים	תגבור מפקחי עבודה וקנסות על הלנת שכר.	Labor Rights Enforcement Law	More labor inspectors and fines for withheld wages.	قانون إنفاذ حقوق العمال	زيادة مفتشي العمل وغرامات على تأخير الأجور.
R	🏭	0,0.3,0	employees:4,youth:3,center:2	b=welfare:1.5	רפורמת ההכשרה המקצועית הלאומית	מכללות מקצועיות וקשר ישיר עם מעסיקים בכל אזור.	National Vocational Training Reform	Vocational colleges linked directly to employers in every region.	إصلاح التأهيل المهني الوطني	كليات مهنية مرتبطة مباشرة بأصحاب العمل في كل منطقة.
R	⚖️	0,-0.4,0	employees:5,socialists:5,lowIncome:3,highIncome:-3	-	רפורמת ההסכמים הקיבוציים	הרחבת הסכמים לכל ענף וחיזוק כוח המיקוח.	Collective Agreements Reform	Extends agreements to every sector and strengthens bargaining power.	إصلاح الاتفاقيات الجماعية	توسيع الاتفاقيات لكل قطاع وتعزيز القوة التفاوضية.
R	🔓	0,0.5,0	selfEmployed:4,highIncome:3,publicSector:-5,socialists:-4	-	רפורמת גמישות בשוק העבודה	הקלה בהעסקה ובפיטורים בשירות הציבורי.	Labor Market Flexibility Reform	Easier hiring and firing in the public service.	إصلاح المرونة في سوق العمل	تسهيل التوظيف والفصل في الخدمة العامة.
R	🧔	0,0.2,0.2	haredim:5,center:3,secular:2	b=welfare:1	רפורמת תעסוקת גברים חרדים	מסלולי הכשרה ותמריצים למעסיקים ולעובדים.	Haredi Men Employment Reform	Training tracks and incentives for employers and workers.	إصلاح تشغيل الرجال الحريديم	مسارات تأهيل وحوافز لأصحاب العمل والعاملين.
R	👩	0,-0.2,0	arabs:6,families:3,left:2	b=welfare:1	רפורמת תעסוקת נשים ערביות	מעונות, הסעות והכשרה מותאמת.	Arab Women Employment Reform	Daycare, transport and tailored training.	إصلاح تشغيل النساء العربيات	حضانات ومواصلات وتأهيل ملائم.
R	🤖	0,0.1,0	employees:4,youth:3	b=welfare:1	רפורמת היערכות לבינה מלאכותית	ביטוח מעבר והסבה לעובדים שמקצועם נפגע.	AI Transition Reform	Transition insurance and retraining for workers whose jobs are hit.	إصلاح الاستعداد للذكاء الاصطناعي	تأمين انتقالي وإعادة تأهيل للعمال المتضررة مهنهم.
R	🌍	0,0.3,0	selfEmployed:3,highIncome:2,employees:-3	-	רפורמת העובדים הזרים	הסדרה כוללת, מכסות לפי ענף והגנה על זכויות.	Foreign Workers Reform	Comprehensive regulation, quotas by sector and rights protection.	إصلاح العمال الأجانب	تنظيم شامل وحصص حسب القطاع وحماية الحقوق.
R	👶	0,-0.3,0	families:6,employees:3,youth:2	b=welfare:2	רפורמת מעונות יום חינם מגיל אפס	מעונות מסובסדים במלואם לכל הורה עובד.	Free Daycare From Birth Reform	Fully subsidized daycare for every working parent.	إصلاح الحضانات المجانية منذ الولادة	حضانات مدعومة بالكامل لكل والد عامل.
R	🧑‍💼	0,0.1,0	employees:3,center:3	-	רפורמת לשכות התעסוקה	שירות השמה אקטיבי עם יועץ אישי לכל דורש עבודה.	Employment Service Reform	An active placement service with a personal advisor for every job seeker.	إصلاح مكاتب التشغيل	خدمة توظيف فعّالة مع مستشار شخصي لكل باحث عن عمل.
R	🏛️	0,0.2,0	center:4,publicSector:-2,liberals:2	-	רפורמת השירות הציבורי	מכרזים פתוחים, הערכת עובדים ושכר לפי ביצועים.	Civil Service Reform	Open tenders, employee evaluation and performance pay.	إصلاح الخدمة العامة	مناقصات مفتوحة وتقييم العاملين وأجر حسب الأداء.
R	🧓	0,0.2,0	retirees:3,elderly:3,employees:-2	-	רפורמת גיל הפרישה	העלאה הדרגתית של גיל הפרישה לנשים.	Retirement Age Reform	Gradually raises the retirement age for women.	إصلاح سن التقاعد	رفع تدريجي لسن التقاعد للنساء.
R	🛡️	0,-0.3,0	employees:5,lowIncome:4	b=welfare:1.5	רפורמת דמי אבטלה	הארכת דמי האבטלה בתנאי השתתפות בהכשרה.	Unemployment Benefits Reform	Extends unemployment benefits on condition of training.	إصلاح مخصصات البطالة	تمديد مخصصات البطالة بشرط المشاركة في التأهيل.
R	🧾	0,-0.2,0	selfEmployed:5,employees:2	b=welfare:1	רפורמת ביטוח לעצמאים	ביטוח אבטלה וזכויות סוציאליות לעצמאים.	Self-Employed Insurance Reform	Unemployment insurance and social rights for the self-employed.	إصلاح التأمين للعاملين لحسابهم	تأمين بطالة وحقوق اجتماعية للعاملين لحسابهم.
R	🏘️	0,0,0	periphery:5,employees:3	b=welfare:1	רפורמת תעסוקה בפריפריה	תמריצים למעסיקים שפותחים משרות בצפון ובדרום.	Periphery Employment Reform	Incentives for employers who open jobs in the north and south.	إصلاح التشغيل في الأطراف	حوافز لأصحاب العمل الذين يفتحون وظائف في الشمال والجنوب.
R	⚖️	0,0,0	families:3,liberals:3,employees:2	-	רפורמת איזון בית-עבודה	הורות משותפת, חופשה לאבות ושעות גמישות.	Work-Life Balance Reform	Shared parenting, paternity leave and flexible hours.	إصلاح التوازن بين العمل والمنزل	أبوّة مشتركة وإجازة للآباء وساعات مرنة.
