L	🧠	0,-0.1,0	families:4,reservists:3	b=welfare:0.4	חוק מרכזי חוסן קהילתיים	מרכז חוסן נפשי בכל עיר.	Community Resilience Centers Law	A mental resilience center in every city.	قانون مراكز المنعة المجتمعية	مركز منعة نفسية في كل مدينة.
L	🏚️	0,-0.1,0	periphery:4,families:3	b=welfare:0.4	חוק פיצוי מהיר על נזקי מלחמה	פיצוי תוך 30 יום לבתים ולעסקים שנפגעו.	Fast War Damage Compensation Law	Compensation within 30 days for damaged homes and businesses.	قانون التعويض السريع عن أضرار الحرب	تعويض خلال 30 يومًا للبيوت والأعمال المتضررة.
L	🏨	0,0,0	periphery:4,families:3	b=welfare:0.3	חוק סיוע למפונים	מענק, דיור זמני וחינוך למשפחות מפונות.	Evacuees Assistance Law	Grants, temporary housing and education for evacuated families.	قانون مساعدة المُخلَين	منحة وسكن مؤقت وتعليم للعائلات المُخلاة.
L	💼	0,0,0	selfEmployed:5,periphery:2	b=welfare:0.3	חוק סיוע לעסקים בקו העימות	מענקים והלוואות לעסקים שנפגעו מהמלחמה.	Frontline Business Aid Law	Grants and loans for businesses hit by the war.	قانون مساعدة الأعمال على خط المواجهة	منح وقروض للأعمال المتضررة من الحرب.
L	🧒	0,0,0	families:4,youth:2	b=welfare:0.3	חוק טיפול בילדים בחירום	מסגרות טיפול וחינוך לילדים בזמן מלחמה.	Emergency Childcare Law	Care and education settings for children in wartime.	قانون رعاية الأطفال في الطوارئ	أطر رعاية وتعليم للأطفال أثناء الحرب.
L	🏠	0,0,0	periphery:4,families:2	b=housing:0.3	חוק שיקום בתים שנפגעו	שיקום מהיר על חשבון המדינה.	Damaged Homes Restoration Law	Fast restoration at the state's expense.	قانون ترميم البيوت المتضررة	ترميم سريع على حساب الدولة.
L	📻	0,0,0	center:3,elderly:2	b=government:0.2	חוק תקשורת לשעת חירום	מערך התרעה והודעות לכל אזרח.	Emergency Communication Law	Alerts and messages to every citizen.	قانون اتصالات الطوارئ	منظومة إنذار ورسائل لكل مواطن.
L	🎗️	0,0,0	families:4,reservists:3	b=welfare:0.3	חוק תמיכה במשפחות לוחמים	סיוע כלכלי ונפשי למשפחות בזמן מילואים.	Fighters' Families Support Law	Financial and emotional support for families during reserve duty.	قانون دعم عائلات المقاتلين	دعم مالي ونفسي للعائلات أثناء الاحتياط.
L	🧑‍🤝‍🧑	0,0,0	center:3,families:2	b=welfare:0.2	חוק מתנדבי חירום	הכשרת מתנדבים לסיוע בזמן חירום.	Emergency Volunteers Law	Trains volunteers to help in emergencies.	قانون متطوعي الطوارئ	تأهيل متطوعين للمساعدة في الطوارئ.
L	🏫	0,0,0	families:3,periphery:3	b=education:0.2	חוק מיגון מוסדות חינוך	ממ״ד בכל בית ספר וגן.	School Shelters Law	A safe room in every school and kindergarten.	قانون تحصين المؤسسات التعليمية	غرفة آمنة في كل مدرسة وروضة.
L	🧓	0,0,0	elderly:4,families:2	b=welfare:0.2	חוק סיוע לקשישים בחירום	ליווי ופינוי קשישים בודדים.	Elderly Emergency Aid Law	Assistance and evacuation for lonely seniors.	قانون مساعدة المسنين في الطوارئ	مرافقة وإخلاء المسنين الوحيدين.
L	🛒	0,0,0	families:3,center:2	-	חוק אספקה רציפה בחירום	מלאי מזון ותרופות ברשתות בזמן מלחמה.	Continuous Supply in Emergencies Law	Food and medicine stocks in chains during war.	قانون الإمداد المتواصل في الطوارئ	مخزون غذاء وأدوية في السلاسل أثناء الحرب.
L	🚑	0,0,0	periphery:3,center:2	b=health:0.2	חוק בתי חולים ממוגנים	מיגון מחלקות בבתי חולים בצפון ובדרום.	Protected Hospitals Law	Protects hospital wards in the north and south.	قانون المستشفيات المحصنة	تحصين أقسام المستشفيات في الشمال والجنوب.
L	💬	0,0,0	youth:3,families:2	b=welfare:0.2	חוק קו סיוע נפשי לאומי	קו חם 24 שעות לתמיכה נפשית.	National Mental Support Line Law	A 24-hour hotline for emotional support.	قانون خط الدعم النفسي الوطني	خط ساخن على مدار الساعة للدعم النفسي.
L	🌾	0,0,0	periphery:4	b=agriculture:0.2	חוק פיצוי לחקלאים באזורי לחימה	פיצוי על יבולים שלא נאספו.	Farmers in Combat Zones Compensation Law	Compensation for unharvested crops.	قانون تعويض المزارعين في مناطق القتال	تعويض عن المحاصيل التي لم تُجمع.
R	🛡️	0.2,0,0	periphery:6,families:3	b=welfare:2	רפורמת החוסן הלאומי	תוכנית לאומית: מיגון, מרכזי חוסן ופיצוי מהיר.	National Resilience Reform	A national plan: shelters, resilience centers and fast compensation.	إصلاح المنعة الوطنية	خطة وطنية: تحصين ومراكز منعة وتعويض سريع.
R	🧠	0,-0.2,0	reservists:5,families:4,youth:3	b=health:1.5	רפורמת טיפול בטראומה לאומית	מערך טיפול נפשי לכל מי שנפגע במלחמה.	National Trauma Care Reform	Mental health care for everyone harmed in the war.	إصلاح علاج الصدمات الوطني	منظومة علاج نفسي لكل من تضرر في الحرب.
R	🏘️	0,0,0	periphery:6,youth:2	b=housing:1.5	רפורמת שיקום ופיתוח יישובי הגבול	בנייה מחדש וצמיחה ליישובים שנפגעו.	Border Communities Rebuilding Reform	Rebuilding and growth for affected communities.	إصلاح إعادة إعمار وتنمية بلدات الحدود	إعادة بناء وتنمية للبلدات المتضررة.
R	🏛️	0,0,0	center:4,periphery:2	b=government:1	רפורמת רשות החירום הלאומית	רשות אחת מתאמת לכל תחומי החירום.	National Emergency Authority Reform	One authority coordinating all emergency fields.	إصلاح هيئة الطوارئ الوطنية	هيئة واحدة تنسق كل مجالات الطوارئ.
R	🏠	0.1,0,0	families:4,periphery:4	b=housing:1.5	רפורמת ממ״ד לכל בית	מימון ממ״דים בבניינים ישנים.	Safe Room for Every Home Reform	Funds safe rooms in old buildings.	إصلاح غرفة آمنة لكل بيت	تمويل غرف آمنة في المباني القديمة.
R	💼	0,0,0	selfEmployed:5,employees:3	b=welfare:1	רפורמת ביטוח מלחמה לעסקים	ביטוח ממלכתי לכל עסק מפני נזקי מלחמה.	Business War Insurance Reform	State insurance for every business against war damage.	إصلاح تأمين الحرب للأعمال	تأمين حكومي لكل عمل ضد أضرار الحرب.
R	🎓	0,0,0	youth:4,families:3	b=education:1	רפורמת חינוך בזמן משבר	למידה מרחוק ותמיכה רגשית לתלמידים.	Education in Crisis Reform	Remote learning and emotional support for pupils.	إصلاح التعليم وقت الأزمات	تعلم عن بعد ودعم عاطفي للطلاب.
R	🤝	0,0,0	center:4,families:2	b=welfare:0.8	רפורמת שותפות חברה אזרחית בחירום	שילוב ארגונים ומתנדבים במערך החירום.	Civil Society Emergency Partnership Reform	Brings organizations and volunteers into the emergency system.	إصلاح شراكة المجتمع المدني في الطوارئ	دمج المنظمات والمتطوعين في منظومة الطوارئ.
R	📦	0.1,0,0	center:4,periphery:2	b=welfare:1	רפורמת מלאי חירום אזרחי	מחסני מזון, מים ותרופות לכל אזור.	Civilian Emergency Stockpile Reform	Food, water and medicine stores for every region.	إصلاح المخزون المدني للطوارئ	مخازن غذاء ومياه وأدوية لكل منطقة.
R	⚡	0.1,0,0	center:3,periphery:3	b=energy:1	רפורמת אנרגיה לשעת חירום	גנרטורים וסולארי עם אגירה לכל יישוב.	Emergency Energy Reform	Generators and solar with storage for every community.	إصلاح الطاقة للطوارئ	مولدات وطاقة شمسية مع تخزين لكل بلدة.
R	🎗️	0,-0.2,0	families:5,reservists:4	b=welfare:1.5	רפורמת משפחות שכולות ונפגעים	הרחבת הזכויות לנפגעי המלחמה ולמשפחותיהם.	Bereaved Families and Casualties Reform	Wider rights for war casualties and their families.	إصلاح العائلات الثكلى والمصابين	توسيع الحقوق لمصابي الحرب وعائلاتهم.
R	🚌	0,0,0	periphery:4,elderly:2	b=transport:0.8	רפורמת פינוי אזרחי	תוכנית פינוי מסודרת לכל יישוב.	Civilian Evacuation Reform	An orderly evacuation plan for every community.	إصلاح الإخلاء المدني	خطة إخلاء منظمة لكل بلدة.
R	📊	0,0,0	center:3,liberals:2	-	רפורמת מדד חוסן	מדידה שנתית של מוכנות כל רשות.	Resilience Index Reform	An annual measure of each authority's readiness.	إصلاح مؤشر المنعة	قياس سنوي لجاهزية كل سلطة.
R	🧑‍⚕️	0,0,0	publicSector:3,reservists:3	b=health:1	רפורמת אנשי טיפול	הכשרת אלפי מטפלים בטראומה.	Care Professionals Reform	Trains thousands of trauma therapists.	إصلاح المعالجين	تأهيل آلاف المعالجين في الصدمات.
R	🕊️	0,0,0	center:4,families:2	-	רפורמת יום לאומי לחוסן ולאחדות	יום התנדבות ואחדות לאומי.	National Resilience and Unity Day Reform	A national day of volunteering and unity.	إصلاح اليوم الوطني للمنعة والوحدة	يوم وطني للتطوع والوحدة.
