L	🚓	0.3,0,0	periphery:4,elderly:3,center:2	b=police:0.8;s=security:1	חוק תוספת שוטרים לשכונות	גיוס 2,000 שוטרי שכונה ופריסתם בערים.	Neighborhood Police Expansion Law	Recruits 2,000 neighborhood officers and deploys them in cities.	قانون زيادة شرطة الأحياء	تجنيد 2,000 شرطي حي ونشرهم في المدن.
L	💰	0,-0.1,0	publicSector:5,employees:2	b=police:0.8	חוק שכר השוטרים	העלאת שכר השוטרים והסוהרים כדי לעצור את העזיבה.	Police Pay Law	Raises police and prison guard pay to stop attrition.	قانون رواتب الشرطة	رفع رواتب الشرطة والسجانين لوقف التسرب.
L	🔫	0.5,0,0	right:5,settlers:4,liberals:-4,arabs:-3	-	חוק הרחבת רישיונות הנשק	הקלה בתנאים לקבלת רישיון נשק לאזרחים שעברו הכשרה.	Firearms License Expansion Law	Easier conditions for trained civilians to obtain gun licenses.	قانون توسيع تراخيص السلاح	تسهيل شروط الحصول على رخصة سلاح للمدنيين المدرّبين.
L	📹	0.3,0,0	center:3,elderly:2,liberals:-3	b=police:0.4;s=security:1	חוק מצלמות אבטחה במרחב הציבורי	מערך מצלמות בערים עם כללי שימוש ופיקוח.	Public Space Security Cameras Law	A camera network in cities with usage rules and oversight.	قانون كاميرات المراقبة في الفضاء العام	شبكة كاميرات في المدن مع قواعد استخدام ورقابة.
L	🚒	0,0,0	periphery:3,center:3	b=police:0.5	חוק חיזוק הכבאות וההצלה	תחנות כיבוי חדשות ומטוסי כיבוי נוספים.	Fire and Rescue Strengthening Law	New fire stations and additional firefighting aircraft.	قانون تعزيز الإطفاء والإنقاذ	محطات إطفاء جديدة وطائرات إطفاء إضافية.
L	🏍️	0.2,0,0	center:3,families:2,youth:-1	-	חוק אכיפה נגד נהיגה פרועה	החרמת רכב ושלילת רישיון מיידית בנהיגה מסוכנת.	Reckless Driving Enforcement Law	Immediate vehicle seizure and license suspension for dangerous driving.	قانون الإنفاذ ضد القيادة المتهورة	مصادرة المركبة وسحب الرخصة فورًا عند القيادة الخطرة.
L	🧑‍🦯	0,0,0	elderly:5,families:2	b=police:0.2	חוק הגנה על קשישים מפני הונאות	יחידה ייעודית להונאות טלפוניות ומקוונות נגד קשישים.	Elder Fraud Protection Law	A dedicated unit for phone and online fraud against the elderly.	قانون حماية المسنين من الاحتيال	وحدة مختصة بالاحتيال الهاتفي والإلكتروني ضد المسنين.
L	💊	0.2,0,0	families:3,center:2,liberals:-2	b=police:0.3	חוק המאבק בסחר בסמים	החמרת הענישה על סחר בסמים קשים ליד בתי ספר.	Drug Trafficking Law	Harsher sentences for dealing hard drugs near schools.	قانون مكافحة الاتجار بالمخدرات	تشديد العقوبات على تجارة المخدرات الصلبة قرب المدارس.
L	🏢	0,0,0	publicSector:3,liberals:2,center:2	b=police:0.4	חוק תנאי הכליאה	הרחבת שטח המחיה לאסירים ובניית בתי כלא חדשים.	Prison Conditions Law	More living space for prisoners and new prisons.	قانون ظروف الاحتجاز	زيادة مساحة المعيشة للسجناء وبناء سجون جديدة.
L	👮‍♀️	0.2,0,0	center:3,periphery:3	b=police:0.4	חוק משמר לאומי מתנדבים	כוח מתנדבים מאומן לסיוע למשטרה בחירום.	Volunteer National Guard Law	A trained volunteer force to support the police in emergencies.	قانون الحرس الوطني التطوعي	قوة متطوعين مدرّبة لمساعدة الشرطة في حالات الطوارئ.
L	📱	0,0,0	youth:3,families:3,center:2	b=police:0.3	חוק יחידת הסייבר-פשיעה	יחידה ארצית לפשיעה ברשת ובעברות נגד קטינים.	Cybercrime Unit Law	A national unit for online crime and offenses against minors.	قانون وحدة الجرائم الإلكترونية	وحدة قطرية للجرائم الإلكترونية والجرائم ضد القاصرين.
L	🎗️	0.1,0,0	families:4,center:2	-	חוק צו הגנה מהיר	צו הגנה זמני תוך 24 שעות לנפגעות אלימות.	Fast Protection Order Law	A temporary protection order within 24 hours for violence victims.	قانون أمر الحماية السريع	أمر حماية مؤقت خلال 24 ساعة لضحايا العنف.
L	🚧	0.3,0,0	periphery:4,right:2	b=police:0.3	חוק אכיפה נגד גניבות חקלאיות	יחידה ייעודית נגד גניבות ופרוטקשן ממשקים חקלאיים.	Agricultural Theft Enforcement Law	A dedicated unit against theft and protection rackets targeting farms.	قانون الإنفاذ ضد السرقات الزراعية	وحدة مختصة ضد السرقات والخاوة من المزارع.
L	🍺	0.1,0,0.1	families:3,center:2,youth:-2	-	חוק הגבלת מכירת אלכוהול בלילה	איסור מכירה בחנויות בין 23:00 ל-06:00.	Night Alcohol Sales Restriction Law	Bans store sales between 11 PM and 6 AM.	قانون تقييد بيع الكحول ليلًا	حظر البيع في المتاجر بين الساعة 23:00 و06:00.
L	🧑‍💼	0,0,0	center:3,liberals:3	-	חוק נציבות תלונות על שוטרים	גוף עצמאי לבירור תלונות על התנהגות שוטרים.	Police Complaints Commission Law	An independent body to investigate complaints about police conduct.	قانون مفوضية الشكاوى ضد الشرطة	هيئة مستقلة للتحقيق في الشكاوى حول سلوك الشرطة.
R	🛡️	0.3,0,0	arabs:8,center:3,periphery:3,left:2	b=police:2;s=security:2	רפורמת "אף רצח לא נשאר פתוח"	תגבור יחידות חקירה ואכיפה נגד ארגוני הפשיעה בכל הארץ.	"No Murder Left Unsolved" Reform	More investigation and enforcement units against crime organizations nationwide.	إصلاح "لا جريمة قتل بلا حل"	تعزيز وحدات التحقيق والإنفاذ ضد منظمات الإجرام في كل البلاد.
R	🏛️	0.4,0,0.1	right:5,settlers:3,liberals:-5,left:-4	-	רפורמת כפיפות המשטרה לשר	הרחבת סמכויות השר בקביעת מדיניות המשטרה.	Police Subordination to the Minister Reform	Expands the minister's power to set police policy.	إصلاح خضوع الشرطة للوزير	توسيع صلاحيات الوزير في تحديد سياسة الشرطة.
R	🧭	-0.1,0,0	center:5,liberals:4,left:2,right:-2	-	רפורמת עצמאות המשטרה	מינוי מפכ״ל בוועדה מקצועית והגבלת התערבות פוליטית.	Police Independence Reform	Police commissioner appointed by a professional committee, limiting political interference.	إصلاح استقلالية الشرطة	تعيين المفتش العام عبر لجنة مهنية وتقييد التدخل السياسي.
R	🏙️	0.2,0,0	periphery:4,center:3,elderly:2	b=police:1.5;s=security:2	רפורמת שיטור קהילתי	תחנות שכונתיות, שוטר קבוע לכל שכונה ושיתוף התושבים.	Community Policing Reform	Neighborhood stations, a permanent officer for each neighborhood and resident involvement.	إصلاح الشرطة المجتمعية	مراكز أحياء وشرطي دائم لكل حي وإشراك السكان.
R	🔐	0,0,0	liberals:4,center:3,publicSector:2	b=police:1.5	רפורמת בתי הסוהר והשיקום	הכשרה מקצועית ותעסוקה לאסירים להפחתת חזרה לפשיעה.	Prisons and Rehabilitation Reform	Vocational training and work for prisoners to cut reoffending.	إصلاح السجون وإعادة التأهيل	تأهيل مهني وتشغيل للسجناء لتقليل العودة للجريمة.
R	🚨	0.2,0,0	center:4,periphery:3	b=police:1.5;s=security:1	רפורמת מוקד חירום לאומי	מספר חירום אחד למשטרה, כבאות ומד״א עם זמן תגובה מחייב.	National Emergency Hotline Reform	One emergency number for police, fire and ambulance with binding response times.	إصلاح الخط الوطني للطوارئ	رقم طوارئ واحد للشرطة والإطفاء والإسعاف مع زمن استجابة ملزم.
R	💸	0.2,0,0	center:4,arabs:3,liberals:2	b=police:0.8	רפורמת החרמת רכוש עבריינים	חילוט רכוש של ארגוני פשיעה והעברתו לקהילות שנפגעו.	Criminal Asset Seizure Reform	Confiscates crime-organization assets and transfers them to affected communities.	إصلاح مصادرة أملاك المجرمين	مصادرة أملاك منظمات الإجرام ونقلها للمجتمعات المتضررة.
R	🔥	0,0,0	periphery:4,center:2	b=police:1.2	רפורמת שירותי הכבאות הארציים	ציוד, כוח אדם וזמני תגובה אחידים בכל הארץ.	National Fire Services Reform	Uniform equipment, staffing and response times across the country.	إصلاح خدمات الإطفاء القطرية	معدات وكوادر وأزمنة استجابة موحدة في كل البلاد.
R	🧪	0,0,0	center:3,liberals:3	b=police:0.8	רפורמת המעבדות הפורנזיות	מעבדה ארצית מודרנית לפענוח ראיות תוך ימים.	Forensic Labs Reform	A modern national lab that processes evidence within days.	إصلاح مختبرات الأدلة الجنائية	مختبر قطري حديث لتحليل الأدلة خلال أيام.
R	🌿	0,0,-0.2	youth:6,liberals:5,secular:3,religious:-3	-	רפורמת אי-הפללת שימוש עצמי בקנאביס	קנס מנהלי במקום תיק פלילי על שימוש עצמי.	Cannabis Personal Use Decriminalization Reform	An administrative fine instead of a criminal record for personal use.	إصلاح عدم تجريم الاستخدام الشخصي للقنب	غرامة إدارية بدل ملف جنائي للاستخدام الشخصي.
R	🏘️	0.3,0,0	settlers:4,periphery:3,right:3	b=police:1	רפורמת אבטחת יישובים	מימון רבש״צים, גדרות ומצלמות בכל היישובים הכפריים.	Communities Security Reform	Funds security coordinators, fences and cameras in every rural community.	إصلاح تأمين البلدات	تمويل منسقي الأمن والأسوار والكاميرات في كل البلدات الريفية.
R	🤝	-0.1,0,0	arabs:6,center:2,left:3	b=police:1	רפורמת שוטרים מקרב החברה הערבית	גיוס והכשרה של אלפי שוטרים מהחברה הערבית.	Arab Community Police Recruitment Reform	Recruits and trains thousands of officers from Arab society.	إصلاح تجنيد شرطيين من المجتمع العربي	تجنيد وتأهيل آلاف الشرطيين من المجتمع العربي.
R	📊	0,0,0	center:4,liberals:2	b=police:0.6	רפורמת שיטור מבוסס נתונים	מערכת נתונים לפריסת כוחות לפי מוקדי פשיעה.	Data-Driven Policing Reform	A data system to deploy forces according to crime hotspots.	إصلاح الشرطة القائمة على البيانات	منظومة بيانات لنشر القوات حسب بؤر الجريمة.
R	🚔	0.4,0,0	right:4,center:2,periphery:2	b=police:1.5;s=security:2	רפורמת משמר הגבול המורחב	הכפלת כוחות מג״ב לפריסה מהירה בערים מעורבות ובגבולות.	Expanded Border Police Reform	Doubles Border Police forces for rapid deployment in mixed cities and borders.	إصلاح حرس الحدود الموسّع	مضاعفة قوات حرس الحدود للانتشار السريع في المدن المختلطة وعلى الحدود.
R	🎓	0,0,0	publicSector:4,center:2	b=police:0.8	רפורמת האקדמיה לשוטרים	מסלול אקדמי והכשרה ארוכה לכל שוטר חדש.	Police Academy Reform	An academic track and longer training for every new officer.	إصلاح أكاديمية الشرطة	مسار أكاديمي وتدريب أطول لكل شرطي جديد.
