L	🏘️	0,-0.2,0	periphery:6,lowIncome:2	b=government:0.4	חוק מענק שנתי לערי פיתוח	תוספת קבועה לתקציבי ערי הפיתוח.	Development Towns Annual Grant Law	A permanent addition to development town budgets.	قانون المنحة السنوية لبلدات التطوير	زيادة دائمة لميزانيات بلدات التطوير.
L	🚌	0,0,0	periphery:5	b=transport:0.3	חוק תחבורה לילית בפריפריה	קווי לילה בין הערים בפריפריה למרכז.	Periphery Night Transit Law	Night lines between periphery towns and the center.	قانون المواصلات الليلية في الأطراف	خطوط ليلية بين بلدات الأطراف والمركز.
L	🏫	0,0,0	periphery:4,families:3	b=education:0.3	חוק כיתות קטנות בפריפריה	עד 25 תלמידים בכיתה בערי פיתוח.	Small Classes in the Periphery Law	Up to 25 pupils per class in development towns.	قانون الصفوف الصغيرة في الأطراف	حتى 25 طالبًا في الصف في بلدات التطوير.
L	🏥	0,0,0	periphery:5	b=health:0.3	חוק מרפאות לילה בפריפריה	מרפאות פתוחות בערבים ובסופי שבוע.	Periphery Night Clinics Law	Clinics open evenings and weekends.	قانون العيادات المسائية في الأطراف	عيادات مفتوحة في المساء وعطلات نهاية الأسبوع.
L	💼	0,0.1,0	periphery:5,employees:2	-	חוק עידוד משרות מרחוק בפריפריה	הטבות למעסיקים שמעסיקים עובדים מהפריפריה מרחוק.	Remote Jobs in the Periphery Law	Benefits for employers hiring periphery workers remotely.	قانون تشجيع الوظائف عن بعد في الأطراف	امتيازات لأصحاب العمل الذين يشغّلون عمالًا من الأطراف عن بعد.
L	🎓	0,0,0	youth:4,periphery:4	b=education:0.3	חוק מכינות להשכלה גבוהה בפריפריה	מכינות חינם לצעירים מהפריפריה.	Periphery College Prep Law	Free preparatory programs for periphery youth.	قانون المعاهد التحضيرية في الأطراف	برامج تحضيرية مجانية لشباب الأطراف.
L	🏠	0,-0.1,0	periphery:4,youth:3	b=housing:0.3	חוק דיור לצעירים בפריפריה	דירות להשכרה מוזלת לצעירים שנשארים.	Youth Housing in the Periphery Law	Discounted rentals for young people who stay.	قانون سكن الشباب في الأطراف	شقق إيجار مخفضة للشباب الذين يبقون.
L	⚽	0,0,0	periphery:3,youth:3	b=culture:0.2	חוק מתקני ספורט בפריפריה	אולמות ספורט ובריכות בכל עיר פיתוח.	Periphery Sports Facilities Law	Sports halls and pools in every development town.	قانون المنشآت الرياضية في الأطراف	قاعات رياضية ومسابح في كل بلدة تطوير.
L	🧑‍🏫	0,0,0	periphery:4	b=education:0.2	חוק מענק מורים לפריפריה	תוספת שכר למורים בערי פיתוח.	Periphery Teachers Grant Law	A pay supplement for teachers in development towns.	قانون منحة المعلمين في الأطراف	علاوة أجر للمعلمين في بلدات التطوير.
L	🛒	0,0,0	periphery:4,families:2	-	חוק תחרות ברשתות שיווק בפריפריה	תמריץ לפתיחת סניפים זולים בפריפריה.	Periphery Retail Competition Law	Incentives to open discount branches in the periphery.	قانون المنافسة في شبكات التسوق في الأطراف	حوافز لفتح فروع رخيصة في الأطراف.
L	🌐	0,0,0	periphery:4,youth:2	b=infrastructure:0.2	חוק מרכזי עבודה משותפים	חללי עבודה משותפים מסובסדים בפריפריה.	Shared Workspaces Law	Subsidized coworking spaces in the periphery.	قانون مساحات العمل المشتركة	مساحات عمل مشتركة مدعومة في الأطراف.
L	🚑	0,0,0	periphery:5	b=health:0.2	חוק אמבולנסים נוספים לפריפריה	תחנות מד״א נוספות ביישובים מרוחקים.	More Ambulances for the Periphery Law	More ambulance stations in remote communities.	قانون سيارات إسعاف إضافية للأطراف	محطات إسعاف إضافية في البلدات النائية.
L	🎭	0,0,0	periphery:3,families:2	b=culture:0.2	חוק תרבות לפריפריה	מנוי תרבות מסובסד לתושבי הפריפריה.	Culture for the Periphery Law	A subsidized culture subscription for periphery residents.	قانون الثقافة للأطراف	اشتراك ثقافي مدعوم لسكان الأطراف.
L	🧾	0,-0.1,0	periphery:4,lowIncome:3	-	חוק הנחה בארנונה בפריפריה	מימון ממשלתי להנחה בארנונה לתושבים.	Periphery Property Tax Discount Law	State funding for property tax discounts for residents.	قانون خصم ضريبة الأملاك في الأطراف	تمويل حكومي لخصم ضريبة الأملاك للسكان.
L	🏭	0,0.1,0	periphery:4,employees:3	-	חוק העדפת ספקים מהפריפריה	העדפה במכרזי הממשלה לעסקים מהפריפריה.	Periphery Supplier Preference Law	Preference in government tenders for periphery businesses.	قانون تفضيل الموردين من الأطراف	أفضلية في المناقصات الحكومية لأعمال الأطراف.
R	🏘️	0,-0.2,0	periphery:7,lowIncome:3	b=government:2	רפורמת "פריפריה במרכז"	תוכנית לאומית לסגירת הפערים בכל השירותים.	"Periphery at the Center" Reform	A national plan to close the gaps in every service.	إصلاح "الأطراف في المركز"	خطة وطنية لسد الفجوات في جميع الخدمات.
R	🚆	0,0,0	periphery:6	b=transport:1.5	רפורמת "שעה מהמרכז"	תחבורה מהירה שמביאה כל עיר לשעה מתל אביב.	"An Hour From the Center" Reform	Fast transport bringing every city within an hour of Tel Aviv.	إصلاح "ساعة من المركز"	مواصلات سريعة تجعل كل مدينة على بعد ساعة من تل أبيب.
R	💼	0,0.1,0	periphery:6,employees:3	b=government:1	רפורמת מוקדי תעסוקה אזוריים	פארקים טכנולוגיים ומפעלים בכל אזור.	Regional Employment Centers Reform	Tech parks and factories in every region.	إصلاح مراكز التشغيل الإقليمية	مجمعات تكنولوجية ومصانع في كل منطقة.
R	🎓	0,0,0	periphery:5,students:3	b=education:1	רפורמת השכלה גבוהה בפריפריה	קמפוסים אקדמיים בכל מחוז פריפריאלי.	Periphery Higher Education Reform	Academic campuses in every periphery district.	إصلاح التعليم العالي في الأطراف	حرم أكاديمية في كل منطقة طرفية.
R	🏥	0,0,0	periphery:6	b=health:1.5	רפורמת שוויון בבריאות בפריפריה	יעד: תוחלת חיים שווה לפריפריה ולמרכז.	Periphery Health Equality Reform	Goal: equal life expectancy in the periphery and the center.	إصلاح المساواة الصحية في الأطراف	الهدف: متوسط عمر متساوٍ في الأطراف والمركز.
R	💰	0,-0.2,0	periphery:6,lowIncome:2	-	רפורמת מס הכנסה שלילי לפריפריה	הגדלת מענק העבודה לתושבי הפריפריה.	Periphery Negative Income Tax Reform	A bigger work grant for periphery residents.	إصلاح ضريبة الدخل السلبية للأطراف	زيادة منحة العمل لسكان الأطراف.
R	🏛️	0,0,0	periphery:5,center:2	-	רפורמת העברת משרדי ממשלה לפריפריה	העברת יחידות ממשלה ומשרות לערי הפריפריה.	Ministries to the Periphery Reform	Moves government units and jobs to periphery towns.	إصلاح نقل الوزارات إلى الأطراف	نقل وحدات حكومية ووظائف إلى بلدات الأطراف.
R	🏘️	0,0,0	periphery:5,middleClass:2	b=housing:1	רפורמת התחדשות ערי הפיתוח	שיקום בניינים ושכונות ותשתיות חדשות.	Development Towns Renewal Reform	Restores buildings and neighborhoods with new infrastructure.	إصلاح تجديد بلدات التطوير	ترميم المباني والأحياء وبنية تحتية جديدة.
R	🧑‍🤝‍🧑	0,0,0	periphery:4,center:3	-	רפורמת אשכולות אזוריים	שיתוף שירותים ותקציבים בין רשויות שכנות.	Regional Clusters Reform	Shared services and budgets between neighboring authorities.	إصلاح العناقيد الإقليمية	مشاركة الخدمات والميزانيات بين السلطات المجاورة.
R	🌐	0,0,0	periphery:5,youth:3	b=infrastructure:1	רפורמת פריפריה דיגיטלית	אינטרנט מהיר, שירותים מקוונים ותעסוקה מרחוק.	Digital Periphery Reform	Fast internet, online services and remote work.	إصلاح الأطراف الرقمية	إنترنت سريع وخدمات إلكترونية وعمل عن بعد.
R	🎒	0,0,0	periphery:5,families:3	b=education:1	רפורמת חינוך מצוין בפריפריה	בתי ספר מצוינות ותוכניות העשרה.	Excellent Education in the Periphery Reform	Schools of excellence and enrichment programs.	إصلاح التعليم المتميز في الأطراف	مدارس متميزة وبرامج إثراء.
R	🏭	0,0.2,0	periphery:5,employees:2	-	רפורמת אזורי סחר חופשי בפריפריה	פטורים ממכס ומס למפעלים בפריפריה.	Periphery Free Trade Zones Reform	Customs and tax exemptions for periphery factories.	إصلاح مناطق التجارة الحرة في الأطراف	إعفاءات جمركية وضريبية لمصانع الأطراف.
R	🏞️	0,0,0	periphery:4,families:2	b=government:0.8	רפורמת תיירות ואיכות חיים בפריפריה	פארקים, טיילות ומוקדי בילוי.	Periphery Quality of Life Reform	Parks, promenades and leisure centers.	إصلاح جودة الحياة في الأطراف	حدائق وممشى ومراكز ترفيه.
R	🧓	0,0,0	periphery:4,elderly:3	b=welfare:0.8	רפורמת קשישים בפריפריה	מרכזי יום ושירותי סיעוד בכל עיר.	Periphery Seniors Reform	Day centers and nursing services in every town.	إصلاح المسنين في الأطراف	مراكز نهارية وخدمات تمريض في كل مدينة.
R	📊	0,0,0	periphery:4,center:2	-	רפורמת מדד פריפריה	מדד שנתי ויעדים מחייבים לצמצום פערים.	Periphery Index Reform	An annual index with binding gap-closing targets.	إصلاح مؤشر الأطراف	مؤشر سنوي وأهداف ملزمة لتقليص الفجوات.
