L	👩	0,0,0	liberals:4,families:3	-	חוק ייצוג הולם לנשים	50% נשים בדירקטוריונים ובוועדות ציבוריות.	Fair Representation for Women Law	50% women on boards and public committees.	قانون التمثيل الملائم للنساء	50% نساء في مجالس الإدارة واللجان العامة.
L	🚫	0,0,0	liberals:4,arabs:3,olim:2	-	חוק איסור אפליה בדיור	קנסות על סירוב להשכיר או למכור בגלל מוצא.	Housing Discrimination Ban Law	Fines for refusing to rent or sell because of origin.	قانون حظر التمييز في السكن	غرامات على رفض التأجير أو البيع بسبب الأصل.
L	🛡️	0,0,0	families:4,liberals:3	b=welfare:0.3	חוק מקלטים לנשים מוכות	מקלט בכל מחוז ודירות מעבר.	Shelters for Battered Women Law	A shelter in every district and transitional apartments.	قانون الملاجئ للنساء المعنفات	ملجأ في كل منطقة وشقق انتقالية.
L	💼	0,-0.1,0	families:3,liberals:3	-	חוק הגנה על נשים בהיריון בעבודה	הרחבת ההגנה מפני פיטורים.	Pregnant Workers Protection Law	Wider protection against dismissal.	قانون حماية النساء الحوامل في العمل	توسيع الحماية من الفصل.
L	♿	0,0,0	families:3,liberals:2	-	חוק שוויון לאנשים עם מוגבלות	יעדי תעסוקה ונגישות בכל גוף ציבורי.	Disability Equality Law	Employment and accessibility targets in every public body.	قانون المساواة لذوي الإعاقة	أهداف تشغيل وإتاحة في كل هيئة عامة.
L	🏳️‍🌈	0,0,-0.4	liberals:6,secular:3,youth:2,religious:-4,haredim:-4	-	חוק איסור אפליה בגלל נטייה מינית	הגנה מלאה בעבודה ובשירותים.	Sexual Orientation Anti-Discrimination Law	Full protection at work and in services.	قانون حظر التمييز بسبب الميول الجنسية	حماية كاملة في العمل والخدمات.
L	🧓	0,0,0	elderly:4,retirees:3	-	חוק זכויות האזרח הוותיק	ריכוז ההטבות ושירות מותאם לקשישים.	Senior Citizens' Rights Law	Brings benefits together and offers seniors tailored service.	قانون حقوق المواطن المسن	تجميع الامتيازات وخدمة ملائمة لكبار السن.
L	🌍	0,0,0	olim:4,liberals:2	-	חוק המאבק בגזענות	נציבות למאבק בגזענות עם סמכויות אכיפה.	Anti-Racism Law	A commission against racism with enforcement powers.	قانون مكافحة العنصرية	مفوضية لمكافحة العنصرية بصلاحيات إنفاذ.
L	🎓	0,-0.1,0	students:3,lowIncome:3	b=education:0.2	חוק מלגות לדור ראשון להשכלה	מלגות לסטודנטים שהם הראשונים במשפחה.	First-Generation Student Scholarships Law	Scholarships for first-generation students.	قانون منح الجيل الأول في التعليم العالي	منح للطلاب الأوائل في عائلاتهم.
L	👩‍⚕️	0,0,0	families:3,liberals:2	b=health:0.2	חוק רפואה מגדרית	מחקר ושירותים מותאמים לבריאות נשים.	Women's Health Law	Research and services tailored to women's health.	قانون صحة المرأة	أبحاث وخدمات ملائمة لصحة المرأة.
L	💵	0,-0.1,0	families:3,liberals:3	-	חוק שוויון בפנסיה לנשים	השוואת תנאי הפנסיה לנשים ולגברים.	Pension Equality for Women Law	Equalizes pension terms for women and men.	قانون المساواة في المعاشات للنساء	مساواة شروط المعاش بين النساء والرجال.
L	🏘️	0,-0.1,0	periphery:4,lowIncome:3	b=welfare:0.3	חוק צמצום פערים בשכונות	תוכנית התחדשות לשכונות חלשות.	Neighborhood Gaps Law	A renewal program for weak neighborhoods.	قانون تقليص الفجوات في الأحياء	برنامج تجديد للأحياء الضعيفة.
L	🗳️	0,0,0	liberals:3,center:2	-	חוק ייצוג נשים ברשימות	תמריץ מימון למפלגות עם ייצוג שוויוני.	Women on Party Lists Law	Funding incentives for parties with equal representation.	قانون تمثيل النساء في القوائم	حوافز تمويل للأحزاب ذات التمثيل المتساوي.
L	🧑‍🤝‍🧑	0,0,0	arabs:3,haredim:2,olim:2	-	חוק ייצוג בשירות המדינה	יעדי ייצוג לכל הקבוצות בשירות המדינה.	Civil Service Representation Law	Representation targets for every group in the civil service.	قانون التمثيل في خدمة الدولة	أهداف تمثيل لجميع الفئات في خدمة الدولة.
L	🚸	0,0,0	families:3,lowIncome:2	b=welfare:0.2	חוק מניעת נשירה של בנות	תוכניות לבנות בסיכון בחברה הערבית והבדואית.	Girls Dropout Prevention Law	Programs for at-risk girls in Arab and Bedouin society.	قانون منع تسرب الفتيات	برامج للفتيات المعرضات للخطر في المجتمع العربي والبدوي.
R	⚖️	0,-0.3,0	lowIncome:5,arabs:4,periphery:4,highIncome:-2	b=welfare:1.5	רפורמת צמצום אי-השוויון	יעדים לאומיים לצמצום פערים בהכנסה ובשירותים.	Inequality Reduction Reform	National targets to reduce income and service gaps.	إصلاح تقليص عدم المساواة	أهداف وطنية لتقليص الفجوات في الدخل والخدمات.
R	👩‍💼	0,0,0	liberals:5,families:3	-	רפורמת שוויון מגדרי בשכר	חובת דיווח ותיקון פערי שכר בכל המשק.	Gender Pay Equality Reform	Mandatory reporting and correction of pay gaps economy-wide.	إصلاح المساواة في الأجور بين الجنسين	إلزام الإبلاغ وتصحيح فجوات الأجور في كل الاقتصاد.
R	🛡️	0,0,0	families:5,liberals:4	b=welfare:1	רפורמת המאבק באלימות נגד נשים	תוכנית לאומית: מניעה, אכיפה וטיפול.	Violence Against Women Reform	A national program for prevention, enforcement and treatment.	إصلاح مكافحة العنف ضد النساء	برنامج وطني للوقاية والإنفاذ والعلاج.
R	🏛️	0,0,0	liberals:4,center:3	-	רפורמת נציבות שוויון	נציבות אחת חזקה לשוויון הזדמנויות.	Equality Commission Reform	One strong commission for equal opportunity.	إصلاح مفوضية المساواة	مفوضية واحدة قوية لتكافؤ الفرص.
R	🏘️	0,-0.3,0	periphery:5,lowIncome:4	b=welfare:1.2	רפורמת שיקום שכונות	השקעה בחינוך, תשתיות ותעסוקה בשכונות חלשות.	Neighborhood Renewal Reform	Investment in education, infrastructure and jobs in weak neighborhoods.	إصلاح ترميم الأحياء	استثمار في التعليم والبنية التحتية والتشغيل في الأحياء الضعيفة.
R	🎓	0,-0.2,0	lowIncome:4,students:3,arabs:2	b=education:1	רפורמת שוויון הזדמנויות בהשכלה	מכינות, מלגות וליווי לסטודנטים מרקע מוחלש.	Equal Opportunity in Education Reform	Prep courses, scholarships and mentoring for disadvantaged students.	إصلاح تكافؤ الفرص في التعليم	دورات تحضيرية ومنح ومرافقة للطلاب من خلفيات مستضعفة.
R	🧔	0,0.1,0.2	haredim:4,center:3	b=welfare:0.8	רפורמת שילוב נשים חרדיות	הכשרה ותעסוקה איכותית לנשים חרדיות.	Haredi Women Integration Reform	Training and quality jobs for Haredi women.	إصلاح دمج النساء الحريديات	تأهيل ووظائف جيدة للنساء الحريديات.
R	👶	0,-0.2,0	families:5,employees:2	b=welfare:1	רפורמת הורות שוויונית	חופשת לידה ייעודית לאבות וסבסוד מעונות.	Equal Parenting Reform	Dedicated paternity leave and daycare subsidies.	إصلاح الأبوة المتساوية	إجازة ولادة مخصصة للآباء ودعم الحضانات.
R	💍	0,0,-0.5	liberals:6,secular:4,haredim:-5,religious:-4	-	רפורמת שוויון בדיני המשפחה	שוויון בין נשים לגברים בנישואין ובגירושין.	Family Law Equality Reform	Equality between women and men in marriage and divorce.	إصلاح المساواة في قوانين الأسرة	مساواة بين النساء والرجال في الزواج والطلاق.
R	🌍	0,0,0	olim:4,arabs:3,liberals:3	b=welfare:0.6	רפורמת "מקום לכולם"	תוכנית למניעת אפליה בתעסוקה ובשירותים.	"A Place for Everyone" Reform	A program to prevent discrimination in jobs and services.	إصلاح "مكان للجميع"	برنامج لمنع التمييز في التشغيل والخدمات.
R	♿	0,-0.2,0	families:4,liberals:3	b=welfare:1	רפורמת חיים עצמאיים	דיור בקהילה ומלווים לאנשים עם מוגבלות.	Independent Living Reform	Community housing and assistants for people with disabilities.	إصلاح الحياة المستقلة	سكن في المجتمع ومرافقون لذوي الإعاقة.
R	🏳️‍🌈	0,0,-0.5	liberals:6,youth:3,secular:3,religious:-4,haredim:-5	-	רפורמת שוויון לקהילה הגאה	הכרה בזוגיות ובהורות לבני זוג מאותו מין.	LGBTQ Equality Reform	Recognition of same-sex partnerships and parenthood.	إصلاح المساواة لمجتمع الميم	الاعتراف بالشراكة والأبوة للأزواج من نفس الجنس.
R	💼	0,0,0	liberals:4,families:2	-	רפורמת נשים בהנהלה	יעד של 40% נשים בהנהלות של חברות גדולות.	Women in Management Reform	A 40% target for women in large company management.	إصلاح النساء في الإدارة	هدف 40% نساء في إدارات الشركات الكبرى.
R	🧑‍🤝‍🧑	-0.1,-0.1,0	arabs:5,left:3,center:2	b=welfare:1	רפורמת שוויון אזרחי	תוכנית לשוויון בתקציבים ובשירותים לכל האזרחים.	Civic Equality Reform	A plan for equal budgets and services for all citizens.	إصلاح المساواة المدنية	خطة لمساواة الميزانيات والخدمات لجميع المواطنين.
R	📊	0,0,0	center:3,liberals:3	-	רפורמת תקצוב מגדרי	בדיקת השפעת כל תקציב על נשים וגברים.	Gender Budgeting Reform	Reviews the effect of every budget on women and men.	إصلاح الميزانية المراعية للنوع الاجتماعي	فحص أثر كل ميزانية على النساء والرجال.
